-- phpMyAdmin SQL Dump
-- version 5.2.0
-- https://www.phpmyadmin.net/
--
-- Host: localhost
-- Creato il: Lug 15, 2024 alle 09:16
-- Versione del server: 8.0.26
-- Versione PHP: 8.0.22

SET SQL_MODE = "NO_AUTO_VALUE_ON_ZERO";
START TRANSACTION;
SET time_zone = "+00:00";


/*!40101 SET @OLD_CHARACTER_SET_CLIENT=@@CHARACTER_SET_CLIENT */;
/*!40101 SET @OLD_CHARACTER_SET_RESULTS=@@CHARACTER_SET_RESULTS */;
/*!40101 SET @OLD_COLLATION_CONNECTION=@@COLLATION_CONNECTION */;
/*!40101 SET NAMES utf8mb4 */;

--
-- Database: `my_doomjs`
--
CREATE DATABASE IF NOT EXISTS my_doomjs;
USE my_doomjs;
CREATE USER 'doomjs'@'localhost';
GRANT ALL PRIVILEGES ON my_doomjs.* TO 'doomjs'@'localhost';

-- --------------------------------------------------------

--
-- Struttura della tabella `livello`
--

CREATE TABLE `livello` (
  `id` int NOT NULL,
  `nome` varchar(100) NOT NULL,
  `posX` int NOT NULL,
  `vita` int NOT NULL,
  `munizioni` int NOT NULL,
  `posY` int NOT NULL,
  `arma` varchar(100) NOT NULL,
  `miPiace` int NOT NULL,
  `nonMipiace` int NOT NULL,
  `nVite` int NOT NULL,
  `dataCreazione` timestamp NOT NULL DEFAULT CURRENT_TIMESTAMP,
  `dataUltimaMod` timestamp NOT NULL DEFAULT CURRENT_TIMESTAMP,
  `sfondo` varchar(100) NOT NULL
) ENGINE=InnoDB DEFAULT CHARSET=latin1;

--
-- Dump dei dati per la tabella `livello`
--

INSERT INTO `livello` (`id`, `nome`, `posX`, `vita`, `munizioni`, `posY`, `arma`, `miPiace`, `nonMipiace`, `nVite`, `dataCreazione`, `dataUltimaMod`, `sfondo`) VALUES
(0, 'DOOM_AMMINISTRATORE', 100, 100, 50, 480, 'Pistola', 6, 1, 20, '2019-05-23 12:51:37', '2019-06-06 10:31:39', 'livello_standard.jpg'),
(4, 'testCheckPoint', 100, 300, 50000, 540, 'Pistola', 1, 1, 3, '2019-05-09 12:19:34', '2019-05-26 13:39:24', 'sfondo1.jpg'),
(5, 'topolinpo', 100, 100, 500, 480, 'Pompa', 0, 1, 1, '2019-05-09 12:19:34', '2019-05-09 12:20:16', 'livello_standard.jpg'),
(6, 'nuovo11', 100, 100, 50, 600, 'Pistola', 0, 0, 3, '2019-05-09 12:19:34', '2019-05-09 12:20:16', 'livello_standard.jpg'),
(7, 'wela', 100, 200, 5000, 300, 'Mitraglia', 2, 1, 3, '2019-05-09 12:19:34', '2019-05-09 12:20:16', 'livello_standard.jpg'),
(8, 'nullo', 100, 100, 50, 600, 'Pistola', 1, 0, 3, '2019-05-09 12:19:34', '2019-05-09 12:20:16', 'livello_standard.jpg'),
(9, 'testFM', 100, 300, 50, 540, 'Pistola', 0, 0, 3, '2019-05-09 12:19:34', '2019-05-13 19:56:40', 'sfondo2.png'),
(10, 'testTrigger', 100, 100, 50, 600, 'Pistola', 1, 0, 3, '2019-05-09 12:19:34', '2019-05-13 19:56:56', 'sfondo3.jpg'),
(11, 'testTrigger_Salvataggio', 100, 100, 50, 600, 'Pistola', 1, 0, 3, '2019-05-09 12:19:34', '2019-05-13 19:57:12', 'sfondo4.jpg'),
(12, '12', 100, 100, 50, 600, 'Pistola', 0, 0, 3, '2019-05-09 12:19:34', '2019-05-09 12:20:16', 'livello_standard.jpg'),
(14, 'ffnuovo', 100, 100, 50, 600, 'Pistola', 0, 0, 3, '2019-05-09 12:19:34', '2019-05-09 12:20:16', 'livello_standard.jpg'),
(15, 'testAscensore', 100, 100, 50, 600, 'Pistola', 1, 0, 3, '2019-05-09 12:19:34', '2019-05-13 19:56:12', 'sfondo_Doom.jpg'),
(16, 'test_timestamp', 100, 100, 50, 600, 'Pistola', 0, 0, 3, '2019-05-09 12:27:17', '2019-05-09 12:27:17', 'livello_standard.jpg'),
(21, 'test_fuso', 100, 400, 50, 600, 'Pistola', 0, 0, 3, '2019-05-09 21:30:52', '2019-05-13 19:59:36', 'sfondo13.png'),
(22, 'test_armi', 100, 100, 2147483647, 480, 'Pistola', 1, 0, 3, '2019-05-09 21:32:10', '2019-07-26 12:19:20', 'sfondo5.jpg'),
(23, 'test_enemy0', 100, 400, 50000, 600, 'Pistola', 0, 0, 3, '2019-05-09 21:32:55', '2019-05-13 19:59:01', 'sfondo11.png'),
(24, 'test_toro', 100, 400, 50000, 600, 'Pistola', 0, 0, 3, '2019-05-09 21:33:20', '2019-05-09 21:33:20', 'livello_standard.jpg'),
(25, 'test_corazzato', 100, 400, 500000, 600, 'Pistola', 0, 0, 3, '2019-05-09 21:33:52', '2019-05-13 19:58:46', 'sfondo10.png'),
(26, 'test_cecchino', 100, 400, 500000, 600, 'Pistola', 0, 0, 3, '2019-05-09 21:34:17', '2019-05-13 19:58:27', 'sfondo9.jpg'),
(27, 'test_zombie', 100, 400, 50000000, 600, 'Pistola', 0, 0, 3, '2019-05-09 21:34:53', '2019-06-03 11:10:21', 'livello_standard.jpg'),
(28, 'test_boss', 100, 400, 5000000, 600, 'Precisione', 0, 0, 3, '2019-05-09 21:39:32', '2019-05-13 19:58:00', 'sfondo7.jpg'),
(29, 'test_Shift', 100, 100, 50, 600, 'Pistola', 0, 1, 3, '2019-05-10 10:45:25', '2019-05-10 10:53:55', 'livello_standard.jpg'),
(30, 'livello_1', 100, 400, 100, 600, 'Pistola', 0, 0, 3, '2019-05-10 13:25:43', '2019-05-26 15:44:36', 'sfondo_menu.jpg'),
(31, 'test_stat', 100, 400, 500000, 600, 'Mitraglia', 0, 0, 3, '2019-05-10 13:32:47', '2019-05-10 14:24:45', 'livello_standard.jpg'),
(37, 'test_porte', 100, 100, 50, 600, 'Pistola', 0, 0, 3, '2019-05-10 17:23:04', '2019-05-13 19:59:54', 'sfondo14.jpg'),
(39, 'test_esplosione', 100, 100, 50, 600, 'Pistola', 1, 0, 3, '2019-05-11 19:41:28', '2019-05-13 19:59:19', 'sfondo12.jpg'),
(40, 'test_cassa', 100, 100, 50, 600, 'Pistola', 0, 0, 3, '2019-05-12 20:17:15', '2019-05-13 19:58:14', 'sfondo8.jpg'),
(41, 'nuovorrr', 100, 100, 50, 600, 'Pistola', 0, 0, 3, '2019-05-13 20:21:36', '2019-05-13 20:21:36', 'livello_standard.jpg'),
(42, 'tori', 100, 100, 50, 600, 'Pistola', 0, 0, 3, '2019-05-15 21:57:58', '2019-05-15 21:57:58', 'sfondo7.jpg'),
(43, 'bulletCollisionDiv', 100, 400, 500001, 480, 'Precisione', 0, 0, 3, '2019-05-17 17:15:59', '2019-05-18 17:13:20', 'sfondo9.jpg'),
(44, 'test_sfondo', 100, 100, 50, 600, 'Pistola', 0, 0, 3, '2019-05-18 17:17:51', '2019-05-18 17:17:51', 'livello_standard.jpg'),
(45, 'sfondo', 100, 100, 50, 600, 'Pistola', 1, 0, 3, '2019-05-20 20:05:38', '2019-05-21 11:55:39', 'livello_standard.jpg'),
(46, 'ele', 100, 400, 39999997, 600, 'Pistola', 0, 0, 0, '2019-05-23 18:19:30', '2019-05-23 18:19:30', 'sfondo_menu.jpg'),
(48, 'test001', 100, 100, 50, 0, 'Pistola', 0, 0, 3, '2019-05-24 07:02:38', '2019-05-24 07:04:06', 'livello_standard.jpg'),
(51, 'nuovo4rrrr', 100, 100, 50, 600, 'Pistola', 0, 0, 3, '2019-05-24 09:47:42', '2019-06-06 11:28:45', 'livello_standard.jpg'),
(52, 'gfcghg', 100, 100, 50, 300, 'Pistola', 0, 0, 3, '2019-05-24 10:04:26', '2019-05-24 10:04:26', 'sfondo_Doom.jpg'),
(53, '55556', 100, 100, 50, 0, 'Pistola', 0, 0, 3, '2019-05-24 11:59:55', '2019-06-04 18:59:33', 'livello_standard.jpg'),
(54, 'testPortale', 100, 400, 50, 600, 'Precisione', 0, 0, 3, '2019-05-24 13:41:03', '2019-05-26 11:50:15', 'livello_standard.jpg'),
(55, 'portale2', 100, 100, 50, 360, 'Pistola', 0, 0, 3, '2019-05-26 08:53:33', '2019-05-26 09:09:30', 'livello_standard.jpg'),
(60, 'nuovo', 100, 100, 50, 600, 'Pistola', 0, 0, 3, '2019-06-07 15:47:32', '2019-06-07 15:47:32', 'livello_standard.jpg'),
(61, 'MoltoPene', 100, 100, 50, 600, 'Mitraglia', 1, 0, 3, '2019-06-16 13:39:17', '2019-06-16 13:39:17', 'sfondo3.jpg'),
(62, 'CIAO', 100, 100, 25, 480, 'Mitraglia', 0, 0, 1, '2019-07-23 18:25:53', '2019-07-23 18:25:53', 'sfondo1.jpg'),
(66, 'Ciao1', 100, 100, 1000, 480, 'Mitraglia', 0, 0, 1, '2019-07-25 17:05:26', '2019-07-25 17:05:26', 'livello_standard.jpg'),
(68, 'Danike', 100, 100, 50, 600, 'Pistola', 0, 0, 3, '2019-07-26 21:35:20', '2019-07-26 21:35:20', 'livello_standard.jpg'),
(69, 'Daniel', 100, 100, 50, 480, 'Pistola', 0, 0, 3, '2019-07-26 22:04:19', '2019-07-26 22:04:29', 'livello_standard.jpg'),
(70, 'Coroline', 100, 100, 50, 480, 'Pistola', 1, 0, 3, '2019-07-26 22:24:50', '2019-07-29 06:14:49', 'livello_standard.jpg'),
(72, 'lellozzo', 100, 100, 50, 600, 'Pistola', 0, 0, 3, '2019-08-06 21:09:12', '2019-08-06 21:09:12', 'livello_standard.jpg'),
(73, 'erfdsf', 100, 100, 50, 600, 'Pistola', 0, 0, 3, '2019-09-09 20:33:02', '2019-09-09 20:33:02', 'sfondo4.jpg'),
(74, 'esempio1', 100, 100, 50, 600, 'Pistola', 0, 0, 3, '2022-07-30 10:30:39', '2022-07-30 10:33:06', 'livello_standard.jpg'),
(75, 'macci1', 100, 100, 50, 600, 'Pistola', 0, 0, 3, '2022-08-07 17:51:27', '2022-08-07 17:51:27', 'livello_standard.jpg');

-- --------------------------------------------------------

--
-- Struttura della tabella `oggetto_box`
--

CREATE TABLE `oggetto_box` (
  `id` int NOT NULL,
  `indiceBox` int NOT NULL,
  `type` varchar(50) NOT NULL,
  `posX` int NOT NULL,
  `posY` int NOT NULL
) ENGINE=InnoDB DEFAULT CHARSET=latin1;

--
-- Dump dei dati per la tabella `oggetto_box`
--

INSERT INTO `oggetto_box` (`id`, `indiceBox`, `type`, `posX`, `posY`) VALUES
(0, 0, '10', 2655, 320),
(0, 1, '16', 4355, 0),
(0, 2, '18', 3400, -390),
(0, 3, '12', 3865, 260),
(0, 5, '1', 4045, 100),
(0, 6, '17', 4995, -50),
(0, 8, '7', 4735, 140),
(0, 9, '18', 7650, 0),
(0, 10, '3', 8140, 450),
(0, 11, '18', 10955, -30),
(0, 12, '1', 11270, 250),
(0, 13, '10', 11490, 460),
(0, 14, '4', 12390, 200),
(0, 15, '18', 12730, -160),
(0, 17, '1', 13555, 370),
(0, 18, '9', 14685, 350),
(0, 19, '18', 14785, 0),
(0, 20, '16', 15495, 0),
(0, 25, '14', 15875, 520),
(0, 27, '17', 16135, -10),
(0, 28, '9', 16530, 520),
(0, 29, '1', 16610, 520),
(0, 30, '9', 17795, 460),
(0, 31, '18', 18520, -40),
(0, 32, '17', 20185, 0),
(0, 33, '18', 21505, 0),
(0, 34, '12', 21925, 500),
(0, 35, '5', 22940, 510),
(0, 36, '2', 23060, 510),
(0, 37, '9', 23235, 510),
(0, 38, '9', 23175, 510),
(0, 39, '0', 26625, 500),
(0, 40, '7', 26805, 500),
(0, 42, '8', 26975, 510),
(0, 43, '16', 28080, 0),
(0, 44, '17', 28055, 0),
(0, 45, '6', 28060, 440),
(0, 46, '19', 30375, 0),
(0, 47, '6', 14920, 510),
(4, 0, '18', 750, -70),
(4, 1, '19', 1275, -10),
(7, 0, '4', 790, 560),
(7, 1, '10', 1025, 520),
(7, 2, '18', 2025, 0),
(10, 0, '16', 265, -20),
(10, 1, '17', 1355, 0),
(10, 2, '18', 1985, 0),
(10, 3, '19', 2715, 0),
(11, 0, '19', 305, 0),
(22, 0, '4', 435, 520),
(22, 1, '5', 960, 510),
(22, 2, '6', 1195, 510),
(22, 3, '6', 705, 520),
(28, 0, '16', 125, 0),
(30, 0, '14', 540, 510),
(30, 1, '16', 720, -40),
(30, 2, '19', 1765, -70),
(30, 3, '17', 1265, -30),
(37, 0, '10', 290, 530),
(37, 1, '12', 865, 450),
(37, 2, '12', 700, 550),
(37, 3, '14', 1120, 530),
(43, 3, '16', 155, -10),
(46, 0, '1', 715, 300),
(46, 1, '3', 950, 150),
(46, 2, '8', 465, 280),
(46, 3, '16', 1430, 0),
(46, 4, '17', 1520, 0),
(46, 5, '18', 1710, 0),
(46, 6, '19', 1935, 0),
(46, 7, '4', 2010, 300),
(46, 8, '5', 2235, 300),
(46, 9, '6', 2490, 300),
(48, 0, '16', 715, 0),
(48, 1, '17', 1235, 0),
(51, 0, '18', 205, -10),
(52, 0, '10', 985, 300),
(52, 1, '14', 985, 300),
(52, 2, '16', 985, 0),
(52, 3, '17', 1155, 160),
(52, 4, '18', 1250, 200),
(54, 0, '16', 105, -20),
(55, 0, '16', 110, 0),
(61, 0, '19', 715, 0),
(69, 0, '19', 1330, 0),
(69, 1, '16', 1010, 0),
(70, 0, '19', 1105, -10),
(73, 0, '12', 2615, 300),
(73, 1, '14', 2790, 300),
(73, 2, '12', 2805, 450),
(73, 3, '0', 3070, 300),
(73, 4, '8', 3115, 300),
(73, 5, '8', 3170, 300),
(73, 6, '3', 3240, 300),
(73, 7, '2', 3295, 300),
(73, 8, '9', 3460, 300),
(73, 9, '8', 3580, 300),
(73, 10, '4', 3810, 300),
(73, 11, '6', 3885, 300),
(73, 12, '6', 4025, 300),
(73, 13, '16', 4830, 0),
(73, 14, '16', 4910, 0);

-- --------------------------------------------------------

--
-- Struttura della tabella `oggetto_enemy`
--

CREATE TABLE `oggetto_enemy` (
  `id` int NOT NULL,
  `indiceEnemy` int NOT NULL,
  `type` varchar(50) NOT NULL,
  `posX` int NOT NULL,
  `posY` int NOT NULL,
  `dir` varchar(50) NOT NULL,
  `x` int NOT NULL,
  `y` int NOT NULL,
  `maxX` int NOT NULL,
  `maxY` int NOT NULL,
  `counterX` int NOT NULL,
  `stepCounter` int NOT NULL
) ENGINE=InnoDB DEFAULT CHARSET=latin1;

--
-- Dump dei dati per la tabella `oggetto_enemy`
--

INSERT INTO `oggetto_enemy` (`id`, `indiceEnemy`, `type`, `posX`, `posY`, `dir`, `x`, `y`, `maxX`, `maxY`, `counterX`, `stepCounter`) VALUES
(0, 0, '5', 322995, 500, 'a', 655, 500, 20, 0, 0, 0),
(0, 1, '5', 322610, 500, 'd', 855, 500, 20, 0, 0, 0),
(0, 2, '5', 322780, 500, 'd', 1025, 500, 20, 0, 0, 0),
(0, 3, '5', 322530, 500, 'a', 775, 500, 20, 0, 0, 0),
(0, 4, '5', 322670, 500, 'a', 915, 500, 20, 0, 0, 0),
(0, 5, '0', 312080, 450, 'd', 3830, 450, 300, 0, 85, 0),
(0, 6, '5', 311940, 500, 'd', 4660, 500, 20, 0, 0, 0),
(0, 7, '5', 311870, 500, 'a', 4590, 500, 20, 0, 0, 0),
(0, 8, '5', 311760, 500, 'a', 4480, 500, 20, 0, 0, 0),
(0, 9, '2', 311260, 240, 'd', 3980, 240, 0, 0, 0, 0),
(0, 10, '7', 306155, 160, 'a', 5185, 160, 0, 0, 0, 0),
(0, 11, '7', 306155, 60, 'a', 5185, 60, 0, 0, 0, 0),
(0, 12, '7', 306155, 110, 'a', 5185, 110, 0, 0, 0, 0),
(0, 13, '7', 306240, 510, 'a', 5560, 510, 0, 0, 0, 0),
(0, 14, '7', 306240, 460, 'a', 5560, 460, 0, 0, 0, 0),
(0, 15, '6', 306240, 410, 'a', 5560, 410, 0, 0, 0, 0),
(0, 16, '1', 306670, 320, 'a', 6260, 320, 0, 0, 0, 0),
(0, 20, '6', 306350, 50, 'a', 7205, 50, 0, 0, 0, 0),
(0, 21, '6', 306350, 100, 'a', 7205, 100, 0, 0, 0, 0),
(0, 22, '5', 306450, 480, 'a', 7440, 480, 20, 0, 0, 0),
(0, 23, '5', 306375, 480, 'a', 7365, 480, 20, 0, 0, 0),
(0, 24, '5', 306505, 480, 'd', 7495, 480, 20, 0, 0, 0),
(0, 25, '5', 306410, 480, 'd', 7400, 480, 20, 0, 0, 0),
(0, 26, '5', 306340, 480, 'a', 7330, 480, 20, 0, 0, 0),
(0, 27, '5', 306240, 480, 'a', 7230, 480, 20, 0, 0, 0),
(0, 28, '5', 306280, 480, 'd', 7270, 480, 20, 0, 0, 0),
(0, 35, '1', 236650, 310, 'a', 7835, 310, 0, 0, 0, 0),
(0, 36, '1', 236750, 310, 'd', 7935, 310, 0, 0, 0, 0),
(0, 37, '1', 236865, 310, 'a', 8050, 310, 0, 0, 0, 0),
(0, 38, '1', 236980, 310, 'a', 8165, 310, 0, 0, 0, 0),
(0, 41, '5', 223865, 500, 'd', 13105, 500, 20, 0, 0, 0),
(0, 42, '5', 262010, 500, 'a', 13160, 500, 20, 0, 0, 0),
(0, 45, '5', 223755, 500, 'd', 12995, 500, 20, 0, 0, 0),
(0, 46, '5', 223805, 500, 'd', 13045, 500, 20, 0, 0, 0),
(0, 48, '5', 223655, 500, 'a', 12895, 500, 20, 0, 0, 0),
(0, 49, '5', 223695, 500, 'a', 12935, 500, 20, 0, 0, 0),
(0, 57, '6', 224025, 510, 'a', 13265, 510, 0, 0, 0, 0),
(0, 58, '5', 223970, 500, 'a', 13210, 500, 20, 0, 0, 0),
(0, 59, '5', 223605, 500, 'd', 12845, 500, 20, 0, 0, 0),
(0, 60, '4', 205130, 350, 'd', 13295, 350, 0, 0, 0, 0),
(0, 63, '3', 224175, 160, 'a', 14000, 160, 400, 0, 260, 1),
(0, 65, '6', 54120, 270, 'a', 15515, 270, 0, 0, 0, 0),
(0, 72, '4', 223795, 100, 'd', 15335, 100, 0, 0, 0, 0),
(0, 73, '1', 224215, 480, 'a', 15755, 480, 0, 0, 0, 0),
(0, 74, '1', 22625, 390, 'd', 15900, 480, 0, 0, 0, 0),
(0, 75, '0', 223660, 480, 'd', 16995, 480, 300, 0, 100, 0),
(0, 76, '0', 204985, 480, 'd', 17290, 480, 300, 0, 150, 0),
(0, 77, '0', 224095, 480, 'd', 17475, 480, 300, 0, 215, 1),
(0, 79, '3', 53655, 390, 'd', 17695, 390, 360, 0, 70, 2),
(0, 81, '1', 204630, 470, 'd', 21840, 470, 0, 0, 0, 0),
(0, 83, '2', 204680, 480, 'a', 22695, 480, 0, 0, 0, 0),
(0, 84, '0', 204685, 470, 'a', 23540, 470, 200, 0, 40, 1),
(0, 85, '0', 204675, 470, 'd', 23840, 470, 200, 0, 165, 0),
(0, 86, '0', 204780, 470, 'd', 24020, 470, 300, 0, 35, 1),
(0, 87, '5', 204830, 490, 'a', 24605, 490, 20, 0, 0, 0),
(0, 88, '5', 204830, 490, 'd', 24670, 490, 20, 0, 0, 0),
(0, 89, '5', 204830, 490, 'a', 24720, 490, 20, 0, 0, 0),
(0, 90, '5', 204830, 490, 'a', 24770, 490, 20, 0, 0, 0),
(0, 91, '5', 204830, 490, 'd', 24815, 490, 20, 0, 0, 0),
(0, 92, '5', 204830, 490, 'a', 24855, 490, 20, 0, 0, 0),
(0, 93, '5', 204830, 490, 'a', 24905, 490, 20, 0, 0, 0),
(0, 94, '5', 204830, 490, 'd', 24950, 490, 20, 0, 0, 0),
(0, 95, '5', 204830, 490, 'a', 24995, 490, 20, 0, 0, 0),
(0, 96, '5', 204830, 490, 'a', 25035, 490, 20, 0, 0, 0),
(0, 97, '5', 204830, 490, 'a', 25105, 490, 20, 0, 0, 0),
(0, 98, '3', 204830, 430, 'a', 25285, 430, 200, 0, 160, 0),
(0, 99, '2', 204830, 480, 'a', 25800, 480, 0, 0, 0, 0),
(0, 100, '3', 204875, 430, 'a', 25950, 430, 200, 0, 160, 0),
(0, 101, '7', 204830, 500, 'a', 27480, 500, 0, 0, 0, 0),
(0, 102, '7', 204830, 450, 'a', 27480, 450, 0, 0, 0, 0),
(0, 103, '7', 204830, 400, 'a', 27480, 400, 0, 0, 0, 0),
(0, 104, '7', 204835, 500, 'a', 27580, 500, 0, 0, 0, 0),
(0, 105, '7', 204805, 450, 'a', 27580, 450, 0, 0, 0, 0),
(0, 106, '7', 204830, 400, 'a', 27580, 400, 0, 0, 0, 0),
(0, 107, '7', 204830, 500, 'a', 27660, 500, 0, 0, 0, 0),
(0, 108, '7', 204830, 450, 'a', 27660, 450, 0, 0, 0, 0),
(0, 109, '7', 204830, 400, 'a', 27660, 400, 0, 0, 0, 0),
(0, 111, 'boss1', 204830, 390, 'a', 28755, 390, 0, 0, 0, 1),
(0, 112, '5', 54080, 490, 'a', 22310, 490, 0, 0, 0, 0),
(0, 113, '5', 53625, 490, 'a', 22275, 490, 0, 0, 0, 0),
(4, 1, '6', 1190, 550, 'a', 1190, 550, 0, 0, 0, 0),
(5, 0, '0', 715, 520, 'd', 335, 520, 300, 0, 10, 1),
(5, 1, '0', 715, 520, 'a', 1240, 520, 300, 0, 25, 1),
(5, 2, '0', 715, 520, 'd', 685, 520, 300, 0, 190, 1),
(5, 3, '0', 715, 520, 'd', 1120, 520, 300, 0, 170, 1),
(5, 4, '0', 715, 520, 'a', 470, 520, 300, 0, 65, 0),
(5, 5, '0', 715, 520, 'd', 950, 520, 300, 0, 235, 0),
(5, 6, '0', 715, 520, 'a', 620, 520, 300, 0, 35, 0),
(6, 0, '0', 715, 520, 'a', 465, 520, 300, 0, 250, 0),
(7, 0, '0', 2890, 520, 'a', 685, 520, 300, 0, 30, 1),
(7, 3, '0', 2890, 520, 'd', 2115, 520, 300, 0, 40, 1),
(7, 4, '0', 2890, 520, 'a', 2185, 520, 300, 0, 85, 0),
(7, 5, '0', 2890, 520, 'a', 2245, 520, 300, 0, 30, 0),
(7, 6, '0', 2890, 520, 'a', 2775, 520, 300, 0, 155, 0),
(8, 0, '0', 715, 520, 'a', 545, 520, 300, 0, 170, 0),
(21, 0, '2', 715, 530, 'a', 715, 530, 0, 0, 0, 0),
(23, 0, '0', 715, 520, 'd', 440, 520, 300, 0, 25, 0),
(24, 0, '1', 715, 520, 'a', 715, 520, 0, 0, 0, 0),
(25, 0, '3', 715, 480, 'a', 590, 480, 400, 0, 125, 1),
(26, 0, '4', 715, 530, 'a', 715, 530, 0, 0, 0, 0),
(27, 1, '5', 715, 500, 'a', 715, 500, 0, 0, 0, 0),
(28, 0, 'boss1', 715, 470, 'a', 715, 470, 0, 0, 0, 1),
(30, 22, '5', 800, 500, 'a', 800, 500, 20, 0, 0, 0),
(30, 23, '5', 735, 500, 'd', 735, 500, 20, 0, 0, 0),
(30, 24, '5', 615, 500, 'd', 615, 500, 20, 0, 0, 0),
(30, 25, '5', 675, 500, 'a', 675, 500, 20, 0, 0, 0),
(30, 26, '6', 880, 470, 'a', 195, 470, 0, 0, 0, 0),
(30, 27, '0', 880, 150, 'a', 705, 150, 300, 0, 30, 0),
(30, 28, '0', 1290, 150, 'd', 1050, 150, 300, 0, 240, 0),
(31, 0, '2', 1495, 530, 'a', 715, 530, 0, 0, 0, 0),
(31, 1, '5', 1495, 540, 'a', 965, 540, 20, 0, 0, 0),
(31, 2, '5', 1495, 540, 'a', 1110, 540, 20, 0, 0, 0),
(31, 3, '5', 1495, 540, 'a', 1165, 540, 20, 0, 0, 0),
(31, 4, '5', 1495, 480, 'a', 1195, 480, 20, 0, 0, 0),
(31, 5, '5', 1495, 420, 'a', 1220, 420, 20, 0, 0, 0),
(31, 6, '5', 1495, 540, 'a', 1270, 540, 20, 0, 0, 0),
(31, 7, '5', 1495, 540, 'a', 1320, 540, 20, 0, 0, 0),
(31, 8, '5', 1495, 540, 'a', 1380, 540, 20, 0, 0, 0),
(31, 9, '5', 1495, 540, 'a', 1435, 540, 20, 0, 0, 0),
(31, 10, '5', 1495, 540, 'a', 1485, 540, 20, 0, 0, 0),
(31, 11, '5', 1495, 540, 'a', 1540, 540, 20, 0, 0, 0),
(31, 12, '5', 1495, 540, 'a', 1590, 540, 20, 0, 0, 0),
(31, 13, '5', 1495, 540, 'a', 1640, 540, 20, 0, 0, 0),
(31, 14, '5', 1495, 540, 'a', 1700, 540, 20, 0, 0, 0),
(31, 15, '5', 1495, 540, 'a', 1750, 540, 20, 0, 0, 0),
(31, 16, '5', 1495, 540, 'a', 1810, 540, 20, 0, 0, 0),
(31, 17, '5', 1495, 540, 'a', 1865, 540, 20, 0, 0, 0),
(31, 18, '5', 1495, 540, 'a', 1920, 540, 20, 0, 0, 0),
(31, 19, '5', 1495, 540, 'a', 1980, 540, 20, 0, 0, 0),
(31, 20, '5', 1495, 540, 'a', 2035, 540, 20, 0, 0, 0),
(31, 21, '5', 1495, 540, 'a', 2085, 540, 20, 0, 0, 0),
(31, 22, '5', 1495, 540, 'a', 2135, 540, 20, 0, 0, 0),
(31, 23, '5', 1495, 540, 'a', 2180, 540, 20, 0, 0, 0),
(31, 24, '5', 1495, 480, 'a', 2195, 480, 20, 0, 0, 0),
(31, 25, '5', 1495, 540, 'a', 2305, 540, 20, 0, 0, 0),
(31, 26, '5', 1495, 480, 'a', 2305, 480, 20, 0, 0, 0),
(31, 27, '5', 1495, 420, 'a', 2305, 420, 20, 0, 0, 0),
(31, 28, '5', 1495, 540, 'a', 2390, 540, 20, 0, 0, 0),
(31, 29, '5', 1495, 480, 'a', 2390, 480, 20, 0, 0, 0),
(31, 30, '5', 1495, 420, 'a', 2390, 420, 20, 0, 0, 0),
(31, 31, '5', 1495, 360, 'a', 2400, 360, 20, 0, 0, 0),
(31, 32, '5', 1495, 540, 'a', 2490, 540, 20, 0, 0, 0),
(39, 24, '6', 2665, 550, 'a', 610, 550, 0, 0, 0, 0),
(39, 25, '6', 2770, 550, 'a', 715, 550, 0, 0, 0, 0),
(39, 26, '6', 2770, 550, 'a', 825, 550, 0, 0, 0, 0),
(39, 27, '6', 2770, 550, 'a', 945, 550, 0, 0, 0, 0),
(39, 28, '6', 2770, 550, 'a', 1030, 550, 0, 0, 0, 0),
(39, 29, '6', 2770, 550, 'a', 1080, 550, 0, 0, 0, 0),
(39, 30, '6', 2770, 550, 'a', 1135, 550, 0, 0, 0, 0),
(39, 31, '6', 2770, 550, 'a', 1195, 550, 0, 0, 0, 0),
(39, 32, '6', 2770, 550, 'a', 1265, 550, 0, 0, 0, 0),
(39, 33, '6', 2770, 550, 'a', 1325, 550, 0, 0, 0, 0),
(39, 34, '6', 2770, 550, 'a', 1375, 550, 0, 0, 0, 0),
(39, 35, '6', 2770, 550, 'a', 1435, 550, 0, 0, 0, 0),
(39, 36, '6', 2770, 550, 'a', 1495, 550, 0, 0, 0, 0),
(39, 37, '6', 2770, 550, 'a', 1550, 550, 0, 0, 0, 0),
(39, 38, '6', 2770, 550, 'a', 1650, 550, 0, 0, 0, 0),
(39, 39, '6', 2770, 550, 'a', 1705, 550, 0, 0, 0, 0),
(39, 40, '6', 2770, 550, 'a', 1770, 550, 0, 0, 0, 0),
(39, 41, '6', 2770, 550, 'a', 1820, 550, 0, 0, 0, 0),
(39, 42, '6', 2770, 550, 'a', 1870, 550, 0, 0, 0, 0),
(39, 43, '6', 2770, 550, 'a', 1940, 550, 0, 0, 0, 0),
(39, 44, '6', 2770, 550, 'a', 2030, 550, 0, 0, 0, 0),
(39, 45, '6', 2770, 550, 'a', 2080, 550, 0, 0, 0, 0),
(39, 46, '6', 2770, 550, 'a', 2125, 550, 0, 0, 0, 0),
(39, 47, '6', 2770, 550, 'a', 2175, 550, 0, 0, 0, 0),
(39, 48, '6', 2770, 550, 'a', 2240, 550, 0, 0, 0, 0),
(39, 49, '6', 2770, 550, 'a', 2290, 550, 0, 0, 0, 0),
(39, 50, '6', 2770, 550, 'a', 2350, 550, 0, 0, 0, 0),
(39, 51, '6', 2770, 550, 'a', 2400, 550, 0, 0, 0, 0),
(39, 52, '6', 2770, 550, 'a', 2455, 550, 0, 0, 0, 0),
(39, 53, '6', 2770, 550, 'a', 2515, 550, 0, 0, 0, 0),
(39, 54, '6', 2770, 550, 'a', 2570, 550, 0, 0, 0, 0),
(39, 55, '6', 2770, 550, 'a', 2680, 550, 0, 0, 0, 0),
(40, 0, '7', 715, 550, 'a', 715, 550, 0, 0, 0, 0),
(40, 1, '7', 715, 500, 'a', 715, 500, 0, 0, 0, 0),
(40, 2, '7', 715, 450, 'a', 715, 450, 0, 0, 0, 0),
(40, 3, '7', 715, 400, 'a', 715, 400, 0, 0, 0, 0),
(40, 4, '7', 715, 350, 'a', 715, 350, 0, 0, 0, 0),
(40, 5, '7', 715, 300, 'a', 715, 300, 0, 0, 0, 0),
(40, 6, '7', 715, 250, 'a', 715, 250, 0, 0, 0, 0),
(42, 0, '0', 715, 520, 'a', 565, 520, 300, 0, 150, 1),
(42, 1, '1', 715, 520, 'a', 715, 520, 0, 0, 0, 0),
(42, 2, '1', 715, 440, 'a', 715, 440, 0, 0, 0, 0),
(42, 3, '1', 695, 200, 'a', 695, 200, 0, 0, 0, 0),
(42, 4, '1', 700, 280, 'a', 700, 280, 0, 0, 0, 0),
(42, 5, '1', 705, 360, 'a', 705, 360, 0, 0, 0, 0),
(42, 6, '1', 860, 520, 'a', 860, 520, 0, 0, 0, 0),
(42, 7, '1', 365, 520, 'a', 365, 520, 0, 0, 0, 0),
(42, 8, '1', 990, 520, 'a', 990, 520, 0, 0, 0, 0),
(43, 6, 'boss1', 700, 440, 'a', 700, 440, 0, 0, 0, 0),
(46, 0, '0', 5265, 520, 'a', 1010, 520, 10, 0, 5, 0),
(46, 1, '0', 5095, 520, 'a', 420, 520, 300, 0, 205, 0),
(46, 2, '1', 5095, 520, 'a', 715, 520, 0, 0, 0, 0),
(46, 3, '2', 5095, 450, 'd', 715, 450, 0, 0, 0, 0),
(46, 4, '3', 5095, 480, 'd', 615, 480, 400, 0, 5, 0),
(51, 0, '0', 1100, 520, 'd', 1035, 520, 300, 0, 220, 1),
(52, 1, '4', 985, 530, 'd', 985, 530, 0, 0, 0, 0),
(52, 2, '2', 985, 460, 'a', 985, 460, 0, 0, 0, 0),
(52, 4, '4', 985, 390, 'd', 985, 390, 0, 0, 0, 0),
(52, 5, '5', 985, 330, 'a', 985, 330, 20, 0, 0, 0),
(54, 3, '4', 830, 450, 'a', 830, 450, 0, 0, 0, 0),
(55, 1, '6', 245, 430, 'a', 245, 430, 0, 0, 0, 0),
(61, 0, '1', 715, 520, 'a', 715, 520, 0, 0, 0, 0),
(62, 1, '5', 715, 430, 'a', 715, 430, 0, 0, 0, 0),
(68, 0, '0', 650, 570, 'd', 490, 520, 300, 0, 135, 0),
(68, 1, '1', 715, 520, 'a', 715, 520, 0, 0, 0, 0),
(68, 2, '4', 715, 450, 'a', 715, 450, 0, 0, 0, 0),
(68, 3, '2', 715, 380, 'a', 715, 380, 0, 0, 0, 0),
(68, 4, '5', 715, 320, 'a', 715, 320, 0, 0, 0, 0),
(72, 0, '0', 1390, 390, 'd', 1585, 390, 300, 0, 70, 1),
(73, 0, '0', 2485, 520, 'd', 1325, 520, 300, 0, 0, 0),
(73, 1, '1', 2485, 520, 'a', 1695, 520, 0, 0, 0, 0),
(73, 2, '5', 2485, 540, 'a', 1840, 540, 0, 0, 0, 0),
(73, 3, '4', 2485, 530, 'd', 1985, 530, 0, 0, 0, 0),
(73, 4, '3', 2125, 480, 'a', 2455, 480, 400, 0, 0, 2),
(73, 5, '4', 2485, 530, 'a', 4210, 530, 0, 0, 0, 0),
(75, 0, '0', 1495, 520, 'a', -55, 520, 300, 0, 240, 0),
(75, 1, '0', 1495, 520, 'a', 470, 520, 300, 0, 35, 0),
(75, 4, '2', 1495, 530, 'a', 1340, 530, 0, 0, 0, 0),
(75, 5, '3', 1495, 480, 'd', 1440, 480, 400, 0, 380, 4),
(75, 6, '5', 1495, 540, 'a', 1590, 540, 0, 0, 0, 0),
(75, 7, 'boss1', 1495, 480, 'a', 1805, 480, 0, 0, 0, 1),
(75, 11, 'boss1', 1495, 480, 'a', 2955, 480, 0, 0, 0, 1),
(75, 12, 'boss1', 1495, 480, 'a', 3060, 480, 0, 0, 0, 0),
(75, 13, 'boss1', 1495, 480, 'd', 3105, 480, 0, 0, 0, 0),
(75, 14, 'boss1', 1495, 480, 'd', 3150, 480, 0, 0, 0, 0),
(75, 15, 'boss1', 1495, 480, 'd', 3200, 480, 0, 0, 0, 0),
(75, 16, 'boss1', 1495, 480, 'd', 3250, 480, 0, 0, 0, 0),
(75, 17, 'boss1', 1495, 480, 'd', 3300, 480, 0, 0, 0, 0),
(75, 18, 'boss1', 1495, 480, 'd', 3350, 480, 0, 0, 0, 0),
(75, 19, 'boss1', 1495, 480, 'd', 3395, 480, 0, 0, 0, 0),
(75, 20, 'boss1', 1495, 360, 'a', 3455, 360, 0, 0, 0, 1),
(75, 21, 'boss1', 1495, 480, 'a', 3500, 480, 0, 0, 0, 1),
(75, 22, 'boss1', 1495, 360, 'a', 3560, 360, 0, 0, 0, 0),
(75, 23, 'boss1', 1495, 480, 'a', 3600, 480, 0, 0, 0, 1),
(75, 24, 'boss1', 1495, 480, 'd', 3650, 480, 0, 0, 0, 0),
(75, 25, 'boss1', 1495, 360, 'a', 3715, 360, 0, 0, 0, 0),
(75, 26, 'boss1', 1495, 480, 'a', 3765, 480, 0, 0, 0, 1),
(75, 27, 'boss1', 1495, 480, 'd', 3815, 480, 0, 0, 0, 0),
(75, 28, 'boss1', 1495, 360, 'a', 3875, 360, 0, 0, 0, 0),
(75, 29, 'boss1', 1495, 480, 'a', 3930, 480, 0, 0, 0, 0),
(75, 30, 'boss1', 1495, 360, 'a', 3995, 360, 0, 0, 0, 1),
(75, 31, 'boss1', 1495, 480, 'a', 4060, 480, 0, 0, 0, 0),
(75, 32, 'boss1', 1495, 480, 'd', 4110, 480, 0, 0, 0, 1),
(75, 33, 'boss1', 1495, 360, 'a', 4165, 360, 0, 0, 0, 0),
(75, 34, 'boss1', 1495, 480, 'a', 4225, 480, 0, 0, 0, 1),
(75, 35, 'boss1', 1495, 360, 'a', 4280, 360, 0, 0, 0, 0),
(75, 36, 'boss1', 1495, 480, 'a', 4340, 480, 0, 0, 0, 0),
(75, 37, 'boss1', 1495, 480, 'd', 4390, 480, 0, 0, 0, 1),
(75, 38, 'boss1', 1495, 360, 'a', 4455, 360, 0, 0, 0, 0),
(75, 39, 'boss1', 1495, 480, 'a', 4495, 480, 0, 0, 0, 1),
(75, 40, 'boss1', 1495, 360, 'a', 4565, 360, 0, 0, 0, 0),
(75, 41, 'boss1', 1495, 480, 'a', 4615, 480, 0, 0, 0, 1),
(75, 42, 'boss1', 1495, 360, 'a', 4670, 360, 0, 0, 0, 0),
(75, 43, 'boss1', 1495, 480, 'a', 4710, 480, 0, 0, 0, 0),
(75, 44, 'boss1', 1495, 480, 'd', 715, 480, 0, 0, 0, 1),
(75, 45, 'boss1', 1495, 480, 'd', 715, 480, 0, 0, 0, 1),
(75, 46, 'boss1', 1495, 360, 'd', 715, 360, 0, 0, 0, 0),
(75, 47, 'boss1', 1495, 360, 'd', 715, 360, 0, 0, 0, 1),
(75, 48, 'boss1', 1495, 360, 'd', 715, 360, 0, 0, 0, 0),
(75, 49, 'boss1', 1495, 360, 'd', 715, 360, 0, 0, 0, 1),
(75, 50, 'boss1', 1495, 360, 'd', 715, 360, 0, 0, 0, 0),
(75, 51, 'boss1', 1495, 360, 'd', 715, 360, 0, 0, 0, 1),
(75, 52, 'boss1', 1495, 360, 'd', 715, 360, 0, 0, 0, 1),
(75, 53, 'boss1', 1495, 360, 'd', 715, 360, 0, 0, 0, 1),
(75, 54, 'boss1', 1495, 360, 'd', 715, 360, 0, 0, 0, 1),
(75, 55, 'boss1', 1495, 480, 'a', 900, 480, 0, 0, 0, 0),
(75, 56, 'boss1', 1495, 480, 'a', 945, 480, 0, 0, 0, 0),
(75, 57, 'boss1', 1495, 480, 'a', 995, 480, 0, 0, 0, 0),
(75, 58, 'boss1', 1495, 480, 'd', 1035, 480, 0, 0, 0, 1),
(75, 59, 'boss1', 1495, 360, 'd', 1115, 360, 0, 0, 0, 0),
(75, 60, 'boss1', 1495, 480, 'd', 1155, 480, 0, 0, 0, 1),
(75, 61, 'boss1', 1495, 360, 'd', 1235, 360, 0, 0, 0, 1),
(75, 62, 'boss1', 1495, 410, 'a', 1325, 410, 0, 0, 0, 0),
(75, 63, 'boss1', 1495, 360, 'a', 1380, 360, 0, 0, 0, 0),
(75, 64, 'boss1', 1495, 360, 'd', 1425, 360, 0, 0, 0, 0);

-- --------------------------------------------------------

--
-- Struttura della tabella `oggetto_floor`
--

CREATE TABLE `oggetto_floor` (
  `id` int NOT NULL,
  `indiceFloor` int NOT NULL,
  `type` varchar(50) NOT NULL,
  `posX` int NOT NULL,
  `posY` int NOT NULL,
  `width` int NOT NULL,
  `height` int NOT NULL,
  `dir` varchar(50) NOT NULL,
  `x` int NOT NULL,
  `y` int NOT NULL,
  `maxX` int NOT NULL,
  `maxY` int NOT NULL,
  `counterX` int NOT NULL,
  `counterY` int NOT NULL,
  `counterVx` int NOT NULL,
  `counterVy` int NOT NULL
) ENGINE=InnoDB DEFAULT CHARSET=latin1;

--
-- Dump dei dati per la tabella `oggetto_floor`
--

INSERT INTO `oggetto_floor` (`id`, `indiceFloor`, `type`, `posX`, `posY`, `width`, `height`, `dir`, `x`, `y`, `maxX`, `maxY`, `counterX`, `counterY`, `counterVx`, `counterVy`) VALUES
(0, 0, 'sfondo', 21810, 0, 35000, 600, 'null', 0, 0, 0, 0, 0, 0, 0, 0),
(0, 2, '0', 322340, 560, 1885, 40, 'null', -650, 560, 0, 0, 0, 0, 0, 0),
(0, 4, '0', 322955, 540, 40, 60, 'null', 1235, 540, 0, 0, 0, 0, 0, 0),
(0, 5, '0', 323115, 460, 565, 140, 'null', 1395, 460, 0, 0, 0, 0, 0, 0),
(0, 6, '0', 323075, 480, 40, 120, 'null', 1355, 480, 0, 0, 0, 0, 0, 0),
(0, 7, '0', 323035, 500, 40, 100, 'null', 1315, 500, 0, 0, 0, 0, 0, 0),
(0, 8, '0', 322995, 520, 40, 80, 'null', 1275, 520, 0, 0, 0, 0, 0, 0),
(0, 11, 'FPorta', 323105, 310, 40, 150, 'null', 1415, 310, 0, 0, 0, 0, 0, 1),
(0, 12, '0', 322645, 200, 125, 110, 'null', 1385, 200, 0, 0, 0, 0, 0, 0),
(0, 14, '0', 322725, 70, 735, 40, 'null', 1465, 70, 0, 0, 0, 0, 0, 0),
(0, 15, '0', 322835, 200, 525, 50, 'null', 1575, 200, 0, 0, 0, 0, 0, 0),
(0, 17, '0', 322770, 200, 65, 80, 'null', 1510, 200, 0, 0, 0, 0, 0, 0),
(0, 19, '0', 322755, 0, 1800, 70, 'null', 1495, 0, 0, 0, 0, 0, 0, 0),
(0, 20, '0', 322770, 0, 735, 30, 'null', 1510, 0, 0, 0, 0, 0, 0, 0),
(0, 21, '0', 322685, 110, 720, 90, 'null', 1425, 110, 0, 0, 0, 0, 0, 0),
(0, 23, 'FSX_0', 320625, 420, 175, 40, 'd', 2075, 420, 350, 0, 80, 0, 1, 0),
(0, 24, '0', 320865, 380, 270, 140, 'null', 2535, 380, 0, 0, 0, 0, 0, 0),
(0, 25, '0', 321270, 0, 175, 470, 'null', 3295, 0, 0, 0, 0, 0, 0, 0),
(0, 27, 'FPortaG_0', 320850, 450, 420, 20, 'd', 2875, 450, 0, 0, 0, 0, 0, 1),
(0, 28, '0', 321150, 470, 40, 130, 'null', 3175, 470, 0, 0, 0, 0, 0, 0),
(0, 29, '0', 321190, 580, 390, 20, 'null', 3215, 580, 0, 0, 0, 0, 0, 0),
(0, 30, 'FM', 314180, 520, 1215, 80, 'null', 1960, 520, 0, 0, 0, 0, 0, 0),
(0, 31, '0', 312080, 530, 610, 70, 'null', 3605, 530, 0, 0, 0, 0, 0, 0),
(0, 32, 'FPorta', 312340, 530, 115, 20, 'd', 4215, 530, 0, 0, 0, 0, 0, 2),
(0, 33, 'FM', 312340, 560, 115, 40, 'null', 4215, 560, 0, 0, 0, 0, 0, 0),
(0, 34, '0', 312455, 530, 55, 70, 'null', 4330, 530, 0, 0, 0, 0, 0, 0),
(0, 35, '0', 312315, 560, 395, 40, 'null', 4385, 560, 0, 0, 0, 0, 0, 0),
(0, 36, 'FM', 312560, 570, 195, 30, 'null', 4780, 570, 0, 0, 0, 0, 0, 0),
(0, 37, '0', 312905, 0, 40, 60, 'null', 4975, 0, 0, 0, 0, 0, 0, 0),
(0, 38, 'FAscensore_0', 312720, 530, 170, 20, 'null', 4790, 530, 0, 200, 0, 0, 0, 2),
(0, 39, '0', 312465, 310, 390, 20, 'null', 4375, 330, 0, 0, 0, 0, 0, 0),
(0, 40, '0', 307415, 310, 50, 40, 'null', 4325, 310, 0, 0, 0, 0, 0, 0),
(0, 41, '0', 311680, 310, 455, 20, 'null', 3750, 310, 0, 0, 0, 0, 0, 0),
(0, 44, 'FPorta', 312135, 310, 120, 20, 'd', 4205, 310, 0, 0, 0, 0, 0, 1),
(0, 45, 'FAscensore_0', 311695, 300, 60, 10, 'null', 3755, 300, 0, 150, 0, 0, 0, 1),
(0, 46, '0', 311410, 0, 280, 330, 'null', 3470, 0, 0, 0, 0, 0, 0, 0),
(0, 47, '0', 311770, 160, 360, 30, 'null', 3830, 160, 0, 0, 0, 0, 0, 0),
(0, 48, 'FSX_0', 312445, 160, 60, 20, 'a', 4450, 160, 300, 0, 55, 0, 1, 0),
(0, 50, '0', 307395, 310, 410, 20, 'null', 4565, 180, 0, 0, 0, 0, 0, 0),
(0, 51, '0', 312705, 180, 40, 420, 'null', 4975, 180, 0, 0, 0, 0, 0, 0),
(0, 52, 'FPortaB_0', 312705, 60, 40, 120, 'null', 4975, 60, 0, 0, 0, 0, 0, 1),
(0, 53, '0', 306795, 210, 290, 390, 'null', 5015, 210, 0, 0, 0, 0, 0, 0),
(0, 54, '0', 306745, 560, 460, 40, 'null', 5305, 560, 0, 0, 0, 0, 0, 0),
(0, 55, '0', 307095, 400, 725, 200, 'null', 5765, 400, 0, 0, 0, 0, 0, 0),
(0, 56, '0', 307195, 390, 40, 170, 'null', 6580, 390, 0, 0, 0, 0, 0, 0),
(0, 57, '0', 307090, 240, 40, 320, 'null', 6820, 240, 0, 0, 0, 0, 0, 0),
(0, 58, '0', 307015, 290, 40, 270, 'null', 6745, 290, 0, 0, 0, 0, 0, 0),
(0, 59, '0', 306935, 340, 40, 220, 'null', 6665, 340, 0, 0, 0, 0, 0, 0),
(0, 61, '0', 307170, 190, 40, 370, 'null', 6900, 190, 0, 0, 0, 0, 0, 0),
(0, 62, '0', 307240, 150, 285, 30, 'null', 6970, 150, 0, 0, 0, 0, 0, 0),
(0, 63, 'FM', 306760, 560, 715, 40, 'null', 6490, 560, 0, 0, 0, 0, 0, 0),
(0, 64, '0', 307230, 540, 530, 60, 'null', 7205, 540, 0, 0, 0, 0, 0, 0),
(0, 69, '0', 307185, 500, 875, 100, 'null', 7735, 500, 0, 0, 0, 0, 0, 0),
(0, 70, '0', 307240, 0, 35, 410, 'null', 7790, 0, 0, 0, 0, 0, 0, 0),
(0, 71, '0', 307010, 390, 735, 20, 'null', 7825, 390, 0, 0, 0, 0, 0, 0),
(0, 72, '0', 307095, 0, 760, 250, 'null', 7825, 0, 0, 0, 0, 0, 0, 0),
(0, 74, 'FPorta', 282400, 250, 25, 250, 'null', 8560, 250, 0, 0, 0, 0, 0, 2),
(0, 75, '0', 307110, 580, 1415, 20, 'null', 8610, 580, 0, 0, 0, 0, 0, 0),
(0, 78, '0', 262210, 180, 170, 380, 'null', 6970, 180, 0, 0, 0, 0, 0, 0),
(0, 80, 'FSY_0', 262285, 350, 610, 300, 'd', 9090, 210, 0, 550, 0, 220, 0, 1),
(0, 81, 'FM', 262645, 560, 810, 40, 'null', 10025, 560, 0, 0, 0, 0, 0, 0),
(0, 82, 'FSX_0', 262300, 490, 150, 30, 'd', 10075, 490, 235, 0, 35, 0, 1, 0),
(0, 83, 'FSX_0', 263010, 490, 160, 30, 'a', 10640, 490, 235, 0, 35, 0, 1, 0),
(0, 84, '0', 262710, 520, 235, 80, 'null', 10835, 520, 0, 0, 0, 0, 0, 0),
(0, 85, 'FAscensore_0', 262835, 500, 105, 20, 'null', 10960, 500, 0, 200, 0, 0, 0, 2),
(0, 86, 'FM', 262510, 560, 1035, 40, 'null', 11070, 560, 0, 0, 0, 0, 0, 0),
(0, 87, '0', 262520, 300, 330, 30, 'null', 11080, 300, 0, 0, 0, 0, 0, 0),
(0, 88, 'FSX_0', 262780, 520, 140, 30, 'a', 11450, 520, 250, 0, 235, 0, 1, 0),
(0, 89, 'FAscensore_0', 262870, 510, 150, 30, 'null', 11825, 510, 0, 300, 0, 0, 0, 2),
(0, 92, '0', 262110, 250, 595, 350, 'null', 12105, 250, 0, 0, 0, 0, 0, 0),
(0, 93, '0', 262115, 0, 665, 130, 'null', 12110, 0, 0, 0, 0, 0, 0, 0),
(0, 94, '0', 262025, 0, 90, 80, 'null', 12020, 0, 0, 0, 0, 0, 0, 0),
(0, 95, '0', 262780, 0, 90, 80, 'null', 12775, 0, 0, 0, 0, 0, 0, 0),
(0, 96, 'FPortaG_0', 262055, 130, 40, 120, 'null', 12660, 130, 0, 0, 0, 0, 0, 2),
(0, 97, '0', 249380, 560, 625, 40, 'null', 12700, 560, 0, 0, 0, 0, 0, 0),
(0, 108, '0', 249645, 230, 205, 20, 'null', 11980, 230, 0, 0, 0, 0, 0, 0),
(0, 109, '0', 249825, 250, 100, 60, 'null', 12005, 250, 0, 0, 0, 0, 0, 0),
(0, 110, '0', 249850, 310, 75, 20, 'null', 12030, 310, 0, 0, 0, 0, 0, 0),
(0, 111, '0', 249885, 330, 40, 20, 'null', 12065, 330, 0, 0, 0, 0, 0, 0),
(0, 112, '0', 236580, 520, 590, 60, 'null', 8610, 520, 0, 0, 0, 0, 0, 0),
(0, 113, '0', 147645, 530, 75, 60, 'null', 9285, 520, 0, 0, 0, 0, 0, 0),
(0, 114, '0', 237150, 520, 415, 60, 'null', 9610, 520, 0, 0, 0, 0, 0, 0),
(0, 115, '0', 224580, 440, 210, 140, 'null', 13445, 440, 0, 0, 0, 0, 0, 0),
(0, 116, '0', 224420, 420, 330, 20, 'null', 13285, 420, 0, 0, 0, 0, 0, 0),
(0, 117, '0', 224540, 440, 40, 40, 'null', 13405, 440, 0, 0, 0, 0, 0, 0),
(0, 118, 'FM', 224460, 580, 1285, 20, 'null', 13325, 580, 0, 0, 0, 0, 0, 0),
(0, 120, 'PORT', 224460, 560, 120, 10, 'null', 13325, 560, -80, -500, 0, 0, 0, 0),
(0, 121, '0', 223905, 400, 335, 40, 'null', 13615, 400, 0, 0, 0, 0, 0, 0),
(0, 122, '0', 223975, 360, 865, 40, 'null', 13685, 360, 0, 0, 0, 0, 0, 0),
(0, 123, '0', 224030, 320, 755, 40, 'null', 13740, 320, 0, 0, 0, 0, 0, 0),
(0, 124, '0', 224080, 280, 640, 40, 'null', 13790, 280, 0, 0, 0, 0, 0, 0),
(0, 125, '0', 224555, 400, 345, 40, 'null', 14265, 400, 0, 0, 0, 0, 0, 0),
(0, 126, '0', 223945, 440, 240, 40, 'null', 13655, 440, 0, 0, 0, 0, 0, 0),
(0, 127, '0', 223980, 480, 165, 100, 'null', 13690, 480, 0, 0, 0, 0, 0, 0),
(0, 129, '0', 224610, 440, 290, 40, 'null', 14320, 440, 0, 0, 0, 0, 0, 0),
(0, 130, '0', 224650, 480, 210, 100, 'null', 14360, 480, 0, 0, 0, 0, 0, 0),
(0, 131, '0', 224145, 400, 205, 200, 'null', 14610, 400, 0, 0, 0, 0, 0, 0),
(0, 132, '0', 224255, 570, 255, 30, 'null', 14815, 570, 0, 0, 0, 0, 0, 0),
(0, 133, '0', 224120, 170, 35, 430, 'null', 15300, 170, 0, 0, 0, 0, 0, 0),
(0, 134, 'FAscensore_0', 224360, 580, 230, 10, 'null', 15070, 580, 0, 450, 0, 0, 0, 1),
(0, 135, 'FM', 223890, 590, 230, 10, 'null', 15070, 590, 0, 0, 0, 0, 0, 0),
(0, 137, '0', 223675, 400, 105, 50, 'null', 14815, 400, 0, 0, 0, 0, 0, 0),
(0, 138, 'PORT', 223675, 450, 10, 120, 'null', 14815, 450, 860, 0, 0, 0, 0, 0),
(0, 139, '0', 224170, 330, 350, 90, 'null', 15335, 330, 0, 0, 0, 0, 0, 0),
(0, 140, 'FM', 224170, 590, 350, 10, 'null', 15335, 590, 0, 0, 0, 0, 0, 0),
(0, 141, '0', 224520, 330, 40, 270, 'null', 15685, 330, 0, 0, 0, 0, 0, 0),
(0, 142, 'PORT', 224170, 440, 10, 140, 'null', 15335, 440, 200, -370, 0, 0, 0, 0),
(0, 143, '0', 224170, 170, 120, 160, 'null', 15335, 170, 0, 0, 0, 0, 0, 0),
(0, 149, '0', 224560, 560, 370, 40, 'null', 15725, 560, 0, 0, 0, 0, 0, 0),
(0, 154, '0', 224560, 330, 100, 20, 'null', 15725, 330, 0, 0, 0, 0, 0, 0),
(0, 155, '0', 224560, 350, 40, 40, 'null', 15725, 350, 0, 0, 0, 0, 0, 0),
(0, 156, '0', 224930, 140, 285, 460, 'null', 16095, 140, 0, 0, 0, 0, 0, 0),
(0, 157, 'FAscensore_0', 224820, 470, 100, 90, 'null', 15985, 470, 0, 330, 0, 0, 0, 2),
(0, 158, 'FAscensore_0', 224290, 320, 140, 10, 'null', 15455, 320, 0, 200, 0, 0, 0, 2),
(0, 159, '0', 224450, 0, 950, 30, 'null', 15615, 0, 0, 0, 0, 0, 0, 0),
(0, 160, '0', 224470, 30, 40, 430, 'null', 16525, 30, 0, 0, 0, 0, 0, 0),
(0, 161, '0', 224230, 560, 1160, 40, 'null', 16380, 560, 0, 0, 0, 0, 0, 0),
(0, 162, 'FPortaR_0', 224635, 30, 25, 110, 'null', 16110, 30, 0, 0, 0, 0, 0, 1),
(0, 163, '0', 223895, 480, 90, 80, 'null', 16720, 480, 0, 0, 0, 0, 0, 0),
(0, 165, '0', 224235, 510, 615, 90, 'null', 17540, 510, 0, 0, 0, 0, 0, 0),
(0, 166, 'FAscensore_0', 223640, 510, 210, 20, 'null', 18155, 510, 0, 200, 0, 0, 0, 1),
(0, 167, 'FM', 223640, 560, 3230, 40, 'null', 18155, 560, 0, 0, 0, 0, 0, 0),
(0, 168, '0', 223815, 300, 295, 20, 'null', 18405, 300, 0, 0, 0, 0, 0, 0),
(0, 169, 'FSX_0', 224285, 300, 240, 20, 'a', 18780, 300, 300, 0, 220, 0, 1, 0),
(0, 171, '0', 224205, 260, 40, 40, 'null', 18920, 260, 0, 0, 0, 0, 0, 0),
(0, 173, '0', 224310, 300, 165, 20, 'null', 19175, 300, 0, 0, 0, 0, 0, 0),
(0, 175, 'FSX_0', 224575, 300, 200, 20, 'a', 19510, 300, 600, 0, 430, 0, 1, 0),
(0, 176, 'FM', 224200, 270, 30, 30, 'null', 19530, 270, 0, 0, 0, 0, 0, 0),
(0, 179, 'FM', 224625, 270, 30, 30, 'null', 19955, 270, 0, 0, 0, 0, 0, 0),
(0, 181, 'PORT', 224335, 520, 175, 10, 'null', 20185, 520, 300, -300, 0, 0, 0, 0),
(0, 183, 'PORT', 204810, 520, 180, 10, 'null', 20485, 520, 300, -300, 0, 0, 0, 0),
(0, 184, 'PORT', 205060, 520, 185, 10, 'null', 20785, 520, 300, -300, 0, 0, 0, 0),
(0, 185, 'PORT', 205015, 520, 185, 10, 'null', 21085, 520, 300, -400, 0, 0, 0, 0),
(0, 186, '0', 204850, 280, 400, 320, 'null', 21385, 280, 0, 0, 0, 0, 0, 0),
(0, 187, '0', 204775, 550, 6110, 50, 'null', 21785, 550, 0, 0, 0, 0, 0, 0),
(0, 188, '0', 204775, 280, 230, 20, 'null', 21785, 280, 0, 0, 0, 0, 0, 0),
(0, 189, 'FPorta', 204575, 360, 355, 20, 'd', 21785, 360, 0, 0, 0, 0, 0, 2),
(0, 190, '0', 204775, 300, 30, 60, 'null', 21985, 300, 0, 0, 0, 0, 0, 0),
(0, 191, 'FSY_0', 204580, 310, 190, 50, 'a', 21790, 310, 0, 300, 0, 280, 0, 2),
(0, 192, '0', 53910, 280, 200, 160, 'null', 22140, 280, 0, 0, 0, 0, 0, 0),
(0, 196, '0', 205130, 0, 40, 440, 'null', 22340, 0, 0, 0, 0, 0, 0, 0),
(0, 198, '0', 204775, 380, 30, 60, 'null', 21985, 380, 0, 0, 0, 0, 0, 0),
(0, 200, 'FPorta', 204775, 440, 30, 110, 'null', 21985, 440, 0, 0, 0, 0, 0, 2),
(0, 201, 'FPorta', 204930, 440, 30, 110, 'null', 22140, 440, 0, 0, 0, 0, 0, 1),
(0, 202, 'FPortaB_0', 205140, 440, 25, 110, 'null', 22350, 440, 0, 0, 0, 0, 0, 2),
(0, 203, '0', 204760, 0, 785, 410, 'null', 26420, 0, 0, 0, 0, 0, 0, 0),
(0, 204, 'FPorta', 204570, 410, 30, 140, 'null', 27155, 410, 0, 0, 0, 0, 0, 2),
(0, 205, 'FPorta', 204775, 410, 30, 140, 'null', 26435, 410, 0, 0, 0, 0, 0, 1),
(0, 206, '0', 204900, 530, 40, 70, 'null', 27895, 530, 0, 0, 0, 0, 0, 0),
(0, 207, '0', 204940, 510, 1795, 90, 'null', 27935, 510, 0, 0, 0, 0, 0, 0),
(0, 208, '0', 204385, 240, 250, 20, 'null', 28310, 240, 0, 0, 0, 0, 0, 0),
(0, 209, '0', 204740, 240, 175, 20, 'null', 28665, 240, 0, 0, 0, 0, 0, 0),
(0, 210, '0', 205030, 240, 245, 20, 'null', 28955, 240, 0, 0, 0, 0, 0, 0),
(0, 211, '0', 205375, 0, 85, 350, 'null', 29300, 0, 0, 0, 0, 0, 0, 0),
(0, 212, 'FPortaR_0', 205395, 350, 40, 160, 'null', 29320, 350, 0, 0, 0, 0, 0, 2),
(0, 213, '0', 204045, 0, 1330, 90, 'null', 27970, 0, 0, 0, 0, 0, 0, 0),
(0, 214, '0', 176640, 470, 115, 50, 'null', 2875, 470, 0, 0, 0, 0, 0, 0),
(0, 215, '0', 176950, 90, 90, 300, 'null', 28015, 90, 0, 0, 0, 0, 0, 0),
(0, 216, 'FPorta', 176965, 390, 20, 120, 'null', 28030, 390, 0, 0, 0, 0, 0, 1),
(0, 218, 'FM', 176660, 40, 55, 320, 'null', 29945, 40, 0, 0, 0, 0, 0, 0),
(0, 219, 'FM', 176715, 60, 30, 40, 'null', 30000, 60, 0, 0, 0, 0, 0, 0),
(0, 221, 'FM', 176460, 360, 30, 50, 'null', 29970, 360, 0, 0, 0, 0, 0, 0),
(0, 222, 'FM', 176435, 360, 25, 90, 'null', 29945, 360, 0, 0, 0, 0, 0, 0),
(0, 223, 'FM', 176520, 280, 30, 100, 'null', 30030, 280, 0, 0, 0, 0, 0, 0),
(0, 224, 'FM', 176490, 290, 30, 100, 'null', 30000, 290, 0, 0, 0, 0, 0, 0),
(0, 225, 'FM', 176550, 90, 40, 260, 'null', 30060, 90, 0, 0, 0, 0, 0, 0),
(0, 226, 'FM', 176520, 70, 30, 40, 'null', 30030, 70, 0, 0, 0, 0, 0, 0),
(0, 227, 'FM', 176715, 310, 25, 90, 'null', 30225, 310, 0, 0, 0, 0, 0, 0),
(0, 228, 'FM', 176690, 290, 25, 80, 'null', 30200, 290, 0, 0, 0, 0, 0, 0),
(0, 229, 'FM', 176660, 310, 30, 50, 'null', 30170, 310, 0, 0, 0, 0, 0, 0),
(0, 230, 'FM', 176765, 100, 40, 220, 'null', 30275, 100, 0, 0, 0, 0, 0, 0),
(0, 231, 'FM', 176650, 100, 40, 210, 'null', 30160, 100, 0, 0, 0, 0, 0, 0),
(0, 232, 'FM', 176650, 50, 155, 50, 'null', 30160, 50, 0, 0, 0, 0, 0, 0),
(0, 233, 'FM', 176765, 320, 25, 60, 'null', 30275, 320, 0, 0, 0, 0, 0, 0),
(0, 235, 'FM', 176740, 330, 25, 90, 'null', 30250, 330, 0, 0, 0, 0, 0, 0),
(0, 239, 'FM', 176780, 310, 25, 90, 'null', 30440, 310, 0, 0, 0, 0, 0, 0),
(0, 240, 'FM', 176755, 330, 25, 90, 'null', 30415, 330, 0, 0, 0, 0, 0, 0),
(0, 241, 'FM', 176805, 290, 25, 80, 'null', 30465, 290, 0, 0, 0, 0, 0, 0),
(0, 242, 'FM', 176830, 310, 30, 50, 'null', 30490, 310, 0, 0, 0, 0, 0, 0),
(0, 243, 'FM', 176830, 100, 40, 210, 'null', 30490, 100, 0, 0, 0, 0, 0, 0),
(0, 244, 'FM', 176715, 50, 155, 50, 'null', 30375, 50, 0, 0, 0, 0, 0, 0),
(0, 245, 'FM', 176715, 100, 40, 220, 'null', 30375, 100, 0, 0, 0, 0, 0, 0),
(0, 246, 'FM', 176730, 320, 25, 60, 'null', 30390, 320, 0, 0, 0, 0, 0, 0),
(0, 247, 'FM', 176930, 40, 45, 290, 'null', 30590, 40, 0, 0, 0, 0, 0, 0),
(0, 248, 'FM', 176790, 40, 45, 30, 'null', 30635, 40, 0, 0, 0, 0, 0, 0),
(0, 249, 'FM', 176880, 70, 30, 40, 'null', 30725, 70, 0, 0, 0, 0, 0, 0),
(0, 250, 'FM', 176850, 130, 20, 170, 'null', 30695, 130, 0, 0, 0, 0, 0, 0),
(0, 251, 'FM', 176870, 110, 25, 30, 'null', 30715, 110, 0, 0, 0, 0, 0, 0),
(0, 252, 'FM', 176825, 110, 25, 30, 'null', 30670, 110, 0, 0, 0, 0, 0, 0),
(0, 253, 'FM', 176810, 70, 30, 40, 'null', 30655, 70, 0, 0, 0, 0, 0, 0),
(0, 254, 'FM', 176790, 70, 20, 320, 'null', 30635, 70, 0, 0, 0, 0, 0, 0),
(0, 255, 'FM', 176760, 330, 30, 40, 'null', 30605, 330, 0, 0, 0, 0, 0, 0),
(0, 257, 'FM', 176890, 40, 40, 30, 'null', 30735, 40, 0, 0, 0, 0, 0, 0),
(0, 258, 'FM', 176930, 40, 45, 370, 'null', 30775, 40, 0, 0, 0, 0, 0, 0),
(0, 259, 'FM', 176835, 140, 15, 130, 'null', 30680, 140, 0, 0, 0, 0, 0, 0),
(0, 260, 'FM', 176870, 140, 15, 130, 'null', 30715, 140, 0, 0, 0, 0, 0, 0),
(0, 261, 'FM', 176910, 70, 20, 380, 'null', 30755, 70, 0, 0, 0, 0, 0, 0),
(0, 263, 'FM', 176935, 410, 25, 30, 'null', 30780, 410, 0, 0, 0, 0, 0, 0),
(0, 264, '0', 176230, 450, 985, 20, 'null', 29890, 450, 0, 0, 0, 0, 0, 0),
(0, 265, '0', 177195, 0, 20, 450, 'null', 30855, 0, 0, 0, 0, 0, 0, 0),
(0, 266, '0', 176230, 0, 25, 450, 'null', 29890, 0, 0, 0, 0, 0, 0, 0),
(0, 267, '0', 176255, 0, 940, 20, 'null', 29915, 0, 0, 0, 0, 0, 0, 0),
(0, 268, '0', 176295, 530, 40, 70, 'null', 29730, 530, 0, 0, 0, 0, 0, 0),
(0, 269, '0', 176335, 550, 40, 50, 'null', 29770, 550, 0, 0, 0, 0, 0, 0),
(0, 270, '0', 176375, 580, 1160, 20, 'null', 29810, 580, 0, 0, 0, 0, 0, 0),
(0, 271, '0', 177305, 0, 775, 600, 'null', 30970, 0, 0, 0, 0, 0, 0, 0),
(0, 272, '0', 147765, 520, 70, 60, 'null', 9465, 520, 0, 0, 0, 0, 0, 0),
(0, 274, '0', 83675, 270, 30, 30, 'null', 19735, 270, 0, 0, 0, 0, 0, 0),
(0, 275, '0', 22620, 440, 40, 100, 'null', 7695, 440, 0, 0, 0, 0, 0, 0),
(4, 0, 'sfondo', 0, 0, 100000, 600, 'null', 0, 0, 0, 0, 0, 0, 0, 0),
(5, 0, 'sfondo', 0, 0, 100000, 600, 'null', 0, 0, 0, 0, 0, 0, 0, 0),
(5, 1, '0', 715, 300, 40, 40, 'null', 715, 300, 0, 0, 0, 0, 0, 0),
(6, 0, 'sfondo', 0, 0, 100000, 600, 'null', 0, 0, 0, 0, 0, 0, 0, 0),
(7, 0, 'sfondo', 2175, 0, 100000, 600, 'null', 0, 0, 0, 0, 0, 0, 0, 0),
(7, 1, '0', 3015, 450, 40, 150, 'null', 840, 450, 0, 0, 0, 0, 0, 0),
(7, 2, 'FAscensore_0', 2970, 560, 40, 40, 'null', 795, 560, 0, 200, 0, 0, 0, 1),
(7, 3, 'FSX_0', 3220, 410, 40, 40, 'a', 1310, 410, 300, 0, 175, 0, 1, 0),
(7, 4, 'FM', 2930, 560, 615, 40, 'null', 1090, 560, 0, 0, 0, 0, 0, 0),
(7, 5, '0', 2925, 410, 185, 40, 'null', 1535, 410, 0, 0, 0, 0, 0, 0),
(7, 6, '0', 3195, 110, 40, 380, 'null', 1805, 110, 0, 0, 0, 0, 0, 0),
(7, 7, 'FPortaG_0', 3195, 490, 40, 110, 'null', 1805, 490, 0, 0, 0, 0, 0, 2),
(8, 0, 'sfondo', 0, 0, 100000, 600, 'null', 0, 0, 0, 0, 0, 0, 0, 0),
(8, 1, '0', 715, 300, 40, 40, 'null', 715, 300, 0, 0, 0, 0, 0, 0),
(8, 2, 'FSX_0', 715, 300, 40, 40, 'a', 445, 300, 300, 0, 270, 0, 1, 0),
(8, 3, 'FSX_0', 715, 300, 40, 40, 'a', 465, 300, 300, 0, 250, 0, 1, 0),
(8, 4, 'FSY_0', 715, 300, 40, 40, 'a', 715, 110, 0, 300, 0, 190, 0, 2),
(8, 5, 'FSY_0', 715, 300, 40, 40, 'a', 715, 130, 0, 300, 0, 170, 0, 1),
(9, 0, 'sfondo', 0, 0, 100000, 600, 'null', 0, 0, 0, 0, 0, 0, 0, 0),
(9, 1, 'FM', 290, 470, 40, 40, 'null', 290, 470, 0, 0, 0, 0, 0, 0),
(10, 0, 'sfondo', 1125, 0, 100000, 600, 'null', 0, 0, 0, 0, 0, 0, 0, 0),
(11, 0, 'sfondo', 0, 0, 100000, 600, 'null', 0, 0, 0, 0, 0, 0, 0, 0),
(12, 0, 'sfondo', 0, 0, 100000, 600, 'null', 0, 0, 0, 0, 0, 0, 0, 0),
(14, 0, 'sfondo', 0, 0, 100000, 600, 'null', 0, 0, 0, 0, 0, 0, 0, 0),
(15, 0, 'sfondo', 0, 0, 100000, 600, 'null', 0, 0, 0, 0, 0, 0, 0, 0),
(15, 2, 'FAscensore_0', 240, 490, 40, 40, 'null', 240, 490, 0, 200, 0, 0, 0, 1),
(15, 3, '0', 240, 590, 40, 10, 'null', 240, 590, 0, 0, 0, 0, 0, 0),
(16, 0, 'sfondo', 0, 0, 100000, 600, 'null', 0, 0, 0, 0, 0, 0, 0, 0),
(21, 0, 'sfondo', 0, 0, 100000, 600, 'null', 0, 0, 0, 0, 0, 0, 0, 0),
(22, 0, 'sfondo', 690, 0, 5000, 600, 'null', 0, 0, 0, 0, 0, 0, 0, 0),
(22, 1, '0', 115, 570, 1435, 30, 'null', 0, 570, 0, 0, 0, 0, 0, 0),
(22, 2, '0', 580, 480, 40, 90, 'null', 580, 480, 0, 0, 0, 0, 0, 0),
(22, 3, '0', 845, 480, 40, 90, 'null', 845, 480, 0, 0, 0, 0, 0, 0),
(22, 4, '0', 1055, 480, 40, 90, 'null', 1055, 480, 0, 0, 0, 0, 0, 0),
(22, 5, '0', 1295, 480, 40, 90, 'null', 1295, 480, 0, 0, 0, 0, 0, 0),
(23, 0, 'sfondo', 0, 0, 100000, 600, 'null', 0, 0, 0, 0, 0, 0, 0, 0),
(24, 0, 'sfondo', 0, 0, 100000, 600, 'null', 0, 0, 0, 0, 0, 0, 0, 0),
(25, 0, 'sfondo', 0, 0, 100000, 600, 'null', 0, 0, 0, 0, 0, 0, 0, 0),
(26, 0, 'sfondo', 0, 0, 100000, 600, 'null', 0, 0, 0, 0, 0, 0, 0, 0),
(27, 0, 'sfondo', 0, 0, 100000, 600, 'null', 0, 0, 0, 0, 0, 0, 0, 0),
(27, 1, '0', 515, 510, 45, 50, 'null', 515, 510, 0, 0, 0, 0, 0, 0),
(27, 2, '0', 350, 560, 725, 40, 'null', 350, 560, 0, 0, 0, 0, 0, 0),
(28, 0, 'sfondo', 0, 0, 100000, 600, 'null', 0, 0, 0, 0, 0, 0, 0, 0),
(28, 1, '0', 275, 590, 995, 10, 'null', 275, 590, 0, 0, 0, 0, 0, 0),
(28, 2, '0', 630, 240, 170, 40, 'null', 630, 240, 0, 0, 0, 0, 0, 0),
(28, 3, '0', 915, 240, 235, 40, 'null', 915, 240, 0, 0, 0, 0, 0, 0),
(28, 5, '0', 275, 240, 245, 40, 'null', 275, 240, 0, 0, 0, 0, 0, 0),
(29, 0, 'sfondo', 55, 0, 100000, 600, 'null', 0, 0, 0, 0, 0, 0, 0, 0),
(29, 1, '0', 310, 520, 40, 110, 'null', 255, 520, 0, 0, 0, 0, 0, 0),
(29, 2, '0', 470, 520, 40, 40, 'null', 415, 520, 0, 0, 0, 0, 0, 0),
(29, 3, '0', 570, 450, 40, 40, 'null', 515, 450, 0, 0, 0, 0, 0, 0),
(29, 4, '0', 665, 350, 40, 40, 'null', 610, 350, 0, 0, 0, 0, 0, 0),
(29, 5, '0', 765, 290, 40, 40, 'null', 770, 300, 0, 0, 0, 0, 0, 0),
(30, 0, 'sfondo', 900, 0, 100000, 600, 'null', 0, 0, 0, 0, 0, 0, 0, 0),
(30, 8, '0', 1410, 560, 485, 40, 'null', 510, 560, 0, 0, 0, 0, 0, 0),
(30, 13, 'PORT', 925, 550, 160, 10, 'null', 240, 540, 400, -290, 0, 0, 0, 0),
(30, 14, '0', 860, 520, 55, 80, 'null', 175, 520, 0, 0, 0, 0, 0, 0),
(30, 15, '0', 820, 540, 40, 60, 'null', 135, 540, 0, 0, 0, 0, 0, 0),
(30, 16, '0', 780, 560, 40, 40, 'null', 95, 560, 0, 0, 0, 0, 0, 0),
(30, 17, '0', 1130, 250, 65, 350, 'null', 445, 250, 0, 0, 0, 0, 0, 0),
(30, 18, 'PORT', 985, 390, 10, 170, 'null', 985, 390, -875, -330, 0, 0, 0, 0),
(30, 19, '0', 730, 230, 950, 20, 'null', 45, 230, 0, 0, 0, 0, 0, 0),
(30, 20, '0', 730, 0, 65, 230, 'null', 45, 0, 0, 0, 0, 0, 0, 0),
(30, 21, '0', 795, 0, 1155, 30, 'null', 110, 0, 0, 0, 0, 0, 0, 0),
(30, 22, '0', 1680, 230, 365, 460, 'null', 995, 230, 0, 0, 0, 0, 0, 0),
(30, 23, 'FPortaR_0', 1550, 30, 40, 200, 'null', 1210, 30, 0, 0, 0, 0, 0, 2),
(30, 24, '0', 1215, 250, 125, 360, 'null', 1360, 250, 0, 0, 0, 0, 0, 0),
(30, 25, '0', 1340, 330, 225, 320, 'null', 1485, 330, 0, 0, 0, 0, 0, 0),
(30, 26, '0', 1565, 320, 120, 280, 'null', 1710, 320, 0, 0, 0, 0, 0, 0),
(30, 27, '0', 1685, 0, 40, 600, 'null', 1830, 0, 0, 0, 0, 0, 0, 0),
(31, 0, 'sfondo', 780, 0, 100000, 600, 'null', 0, 0, 0, 0, 0, 0, 0, 0),
(37, 0, 'sfondo', 0, 0, 100000, 600, 'null', 0, 0, 0, 0, 0, 0, 0, 0),
(37, 4, 'FPortaB_0', 1030, 300, 40, 300, 'null', 1030, 300, 0, 0, 0, 0, 0, 1),
(37, 5, 'FPortaB_0', 615, 500, 215, 40, 'd', 615, 500, 0, 0, 0, 0, 0, 1),
(37, 7, 'FPortaG_0', 405, 320, 95, 280, 'null', 405, 320, 0, 0, 0, 0, 0, 2),
(37, 8, 'FPortaR_0', 1230, 300, 40, 310, 'null', 1230, 300, 0, 0, 0, 0, 0, 1),
(37, 9, 'FPorta', 200, 300, 40, 300, 'null', 200, 300, 0, 0, 0, 0, 0, 1),
(39, 0, 'sfondo', 2055, 0, 100000, 600, 'null', 0, 0, 0, 0, 0, 0, 0, 0),
(40, 0, 'sfondo', 0, 0, 100000, 600, 'null', 0, 0, 0, 0, 0, 0, 0, 0),
(41, 0, 'sfondo', 0, 0, 100000, 600, 'null', 0, 0, 0, 0, 0, 0, 0, 0),
(42, 0, 'sfondo', 0, 0, 100000, 600, 'null', 0, 0, 0, 0, 0, 0, 0, 0),
(43, 0, 'sfondo', 0, 0, 100000, 600, 'null', 0, 0, 0, 0, 0, 0, 0, 0),
(43, 1, '0', 1155, 0, 40, 560, 'null', 1155, 0, 0, 0, 0, 0, 0, 0),
(43, 2, '0', 0, 560, 1430, 40, 'null', 0, 560, 0, 0, 0, 0, 0, 0),
(43, 3, '0', -5, 0, 40, 560, 'null', -5, 0, 0, 0, 0, 0, 0, 0),
(43, 4, '0', 295, 470, 55, 90, 'null', 295, 470, 0, 0, 0, 0, 0, 0),
(43, 5, '0', 1055, 470, 55, 90, 'null', 1055, 470, 0, 0, 0, 0, 0, 0),
(43, 6, '0', 375, 390, 455, 20, 'null', 375, 390, 0, 0, 0, 0, 0, 0),
(44, 0, 'sfondo', 0, 0, 100000, 600, 'null', 0, 0, 0, 0, 0, 0, 0, 0),
(45, 0, 'sfondo', 0, 0, 5000, 600, 'null', 0, 0, 0, 0, 0, 0, 0, 0),
(46, 0, 'sfondo', 4380, 0, 10000, 600, 'null', 0, 0, 0, 0, 0, 0, 0, 0),
(48, 0, 'sfondo', 3240, 0, 5000, 600, 'null', 0, 0, 0, 0, 0, 0, 0, 0),
(48, 1, '0', 3240, 270, 1435, 40, 'null', 0, 270, 0, 0, 0, 0, 0, 0),
(48, 2, '0', 3240, 390, 250, 210, 'null', 0, 390, 0, 0, 0, 0, 0, 0),
(48, 3, '0', 3490, 410, 280, 190, 'null', 250, 410, 0, 0, 0, 0, 0, 0),
(48, 4, '0', 3770, 350, 185, 250, 'null', 530, 350, 0, 0, 0, 0, 0, 0),
(48, 5, '0', 3955, 380, 515, 220, 'null', 715, 380, 0, 0, 0, 0, 0, 0),
(48, 6, '0', 4470, 400, 225, 200, 'null', 1230, 400, 0, 0, 0, 0, 0, 0),
(51, 0, 'sfondo', 0, 0, 5000, 600, 'null', 0, 0, 0, 0, 0, 0, 0, 0),
(51, 1, 'FM', 510, 560, 40, 40, 'null', 510, 560, 0, 0, 0, 0, 0, 0),
(52, 0, 'sfondo', 270, 0, 5000, 600, 'null', 0, 0, 0, 0, 0, 0, 0, 0),
(52, 2, 'FAscensore_0', 605, 540, 120, 30, 'null', 335, 540, 0, 300, 0, 0, 0, 2),
(52, 3, 'FSX_0', 985, 300, 40, 40, 'a', 420, 300, 300, 0, 295, 0, 1, 0),
(52, 4, 'FSX_0', 985, 300, 40, 40, 'a', 595, 300, 300, 0, 120, 0, 1, 0),
(52, 5, 'FSY_0', 985, 300, 40, 40, 'a', 715, 30, 0, 300, 0, 270, 0, 2),
(54, 0, 'sfondo', 0, 0, 5000, 600, 'null', 0, 0, 0, 0, 0, 0, 0, 0),
(54, 3, 'PORT', 1165, 570, 15, 170, 'null', 325, 360, 400, 0, 0, 0, 0, 0),
(54, 4, '0', 205, 520, 40, 80, 'null', 205, 520, 0, 0, 0, 0, 0, 0),
(54, 5, '0', 165, 540, 40, 60, 'null', 165, 540, 0, 0, 0, 0, 0, 0),
(54, 6, '0', 125, 560, 40, 40, 'null', 125, 560, 0, 0, 0, 0, 0, 0),
(54, 8, '0', 620, 0, 40, 610, 'null', 620, 0, 0, 0, 0, 0, 0, 0),
(54, 9, '0', 660, 520, 505, 80, 'null', 660, 520, 0, 0, 0, 0, 0, 0),
(54, 10, 'PORT', 1175, 530, 200, 10, 'null', 1175, 530, -1050, -300, 0, 0, 0, 0),
(54, 11, '0', 1385, 520, 40, 80, 'null', 1385, 520, 0, 0, 0, 0, 0, 0),
(54, 12, 'FM', 1165, 570, 220, 30, 'null', 1165, 570, 0, 0, 0, 0, 0, 0),
(55, 0, 'sfondo', 0, 0, 5000, 600, 'null', 0, 0, 0, 0, 0, 0, 0, 0),
(55, 1, 'PORT', 310, 500, 220, 20, 'null', 310, 500, 600, -300, 0, 0, 0, 0),
(55, 2, '0', 5, 560, 1425, 40, 'null', 5, 560, 0, 0, 0, 0, 0, 0),
(55, 4, '0', 685, 170, 40, 390, 'null', 685, 170, 0, 0, 0, 0, 0, 0),
(55, 5, 'FAscensore_0', 725, 520, 165, 20, 'null', 725, 520, 0, 400, 0, 0, 0, 1),
(55, 6, '0', 240, 480, 45, 80, 'null', 240, 480, 0, 0, 0, 0, 0, 0),
(55, 7, '0', 200, 500, 40, 60, 'null', 200, 500, 0, 0, 0, 0, 0, 0),
(55, 8, '0', 160, 520, 40, 40, 'null', 160, 520, 0, 0, 0, 0, 0, 0),
(60, 0, 'sfondo', 0, 0, 5000, 600, 'null', 0, 0, 0, 0, 0, 0, 0, 0),
(60, 1, 'FPortaG_0', 685, 170, 40, 40, 'null', 685, 170, 0, 0, 0, 0, 0, 2),
(61, 0, 'sfondo', 0, 0, 5000, 600, 'null', 0, 0, 0, 0, 0, 0, 0, 0),
(61, 1, '0', 455, 560, 40, 40, 'null', 455, 560, 0, 0, 0, 0, 0, 0),
(61, 2, '0', 525, 560, 40, 40, 'null', 525, 560, 0, 0, 0, 0, 0, 0),
(61, 3, '0', 490, 290, 40, 280, 'null', 490, 290, 0, 0, 0, 0, 0, 0),
(61, 5, 'FPortaR_0', 490, 250, 40, 40, 'd', 490, 250, 0, 0, 0, 0, 0, 2),
(61, 6, 'FAscensore_0', 450, 550, 40, 10, 'null', 450, 550, 0, 300, 0, 0, 0, 1),
(62, 0, 'sfondo', 0, 0, 5000, 600, 'null', 0, 0, 0, 0, 0, 0, 0, 0),
(62, 1, '0', 725, 490, 135, 100, 'null', 725, 490, 0, 0, 0, 0, 0, 0),
(62, 2, '0', 360, 140, 100, 40, 'null', 360, 140, 0, 0, 0, 0, 0, 0),
(62, 3, '0', 320, 140, 40, 180, 'null', 320, 140, 0, 0, 0, 0, 0, 0),
(62, 4, '0', 360, 280, 100, 40, 'null', 360, 280, 0, 0, 0, 0, 0, 0),
(62, 5, '0', 540, 140, 40, 180, 'null', 540, 140, 0, 0, 0, 0, 0, 0),
(62, 6, '0', 615, 140, 40, 180, 'null', 615, 140, 0, 0, 0, 0, 0, 0),
(62, 7, '0', 655, 140, 70, 40, 'null', 655, 140, 0, 0, 0, 0, 0, 0),
(62, 8, '0', 725, 140, 40, 180, 'null', 725, 140, 0, 0, 0, 0, 0, 0),
(62, 9, '0', 655, 210, 70, 40, 'null', 655, 210, 0, 0, 0, 0, 0, 0),
(62, 10, '0', 810, 140, 40, 180, 'null', 810, 140, 0, 0, 0, 0, 0, 0),
(62, 11, '0', 850, 140, 70, 40, 'null', 850, 140, 0, 0, 0, 0, 0, 0),
(62, 12, '0', 850, 280, 70, 40, 'null', 850, 280, 0, 0, 0, 0, 0, 0),
(62, 13, '0', 920, 140, 40, 180, 'null', 920, 140, 0, 0, 0, 0, 0, 0),
(66, 0, 'sfondo', 300, 0, 5000, 600, 'null', 0, 0, 0, 0, 0, 0, 0, 0),
(66, 1, '0', 855, 180, 55, 240, 'null', 555, 180, 0, 0, 0, 0, 0, 0),
(66, 2, '0', 910, 180, 90, 60, 'null', 610, 180, 0, 0, 0, 0, 0, 0),
(66, 3, '0', 910, 360, 90, 60, 'null', 610, 360, 0, 0, 0, 0, 0, 0),
(66, 4, '0', 1065, 180, 75, 240, 'null', 765, 180, 0, 0, 0, 0, 0, 0),
(66, 5, '0', 860, 180, 170, 60, 'null', 905, 180, 0, 0, 0, 0, 0, 0),
(66, 6, '0', 860, 240, 50, 180, 'null', 905, 240, 0, 0, 0, 0, 0, 0),
(66, 7, '0', 845, 240, 50, 180, 'null', 1025, 240, 0, 0, 0, 0, 0, 0),
(66, 8, '0', 775, 290, 70, 50, 'null', 955, 290, 0, 0, 0, 0, 0, 0),
(66, 9, '0', 870, 180, 165, 50, 'null', 1140, 180, 0, 0, 0, 0, 0, 0),
(66, 10, '0', 870, 230, 45, 140, 'null', 1140, 230, 0, 0, 0, 0, 0, 0),
(66, 11, '0', 870, 370, 165, 50, 'null', 1140, 370, 0, 0, 0, 0, 0, 0),
(66, 12, '0', 990, 230, 45, 140, 'null', 1260, 230, 0, 0, 0, 0, 0, 0),
(68, 0, 'sfondo', 0, 0, 5000, 600, 'null', 0, 0, 0, 0, 0, 0, 0, 0),
(68, 5, 'PORT', 480, 360, 15, 140, 'null', 480, 360, 400, -400, 0, 0, 0, 0),
(68, 6, 'FM', 940, 280, 40, 40, 'null', 940, 280, 0, 0, 0, 0, 0, 0),
(68, 7, 'FPortaB_0', 715, 300, 40, 40, 'null', 715, 300, 0, 0, 0, 0, 0, 2),
(69, 0, 'sfondo', 490, 0, 5000, 600, 'null', 0, 0, 0, 0, 0, 0, 0, 0),
(69, 1, 'FAscensore_0', 1120, 530, 160, 40, 'null', 630, 530, 0, 200, 0, 0, 0, 1),
(69, 2, 'PORT', 1130, 340, 140, 10, 'null', 640, 340, 300, -100, 0, 0, 0, 0),
(69, 5, 'FM', 1420, 560, 515, 40, 'null', 930, 560, 0, 0, 0, 0, 0, 0),
(69, 6, '0', 1325, -10, 95, 630, 'null', 835, -10, 0, 0, 0, 0, 0, 0),
(69, 7, '0', 490, 570, 835, 30, 'null', 0, 570, 0, 0, 0, 0, 0, 0),
(69, 8, 'FSX_0', 1480, 410, 95, 30, 'd', 1025, 410, 300, 0, 85, 0, 1, 0),
(69, 9, '0', 1215, 0, 525, 630, 'null', 1445, 0, 0, 0, 0, 0, 0, 0),
(70, 0, 'sfondo', 0, 0, 5000, 600, 'null', 0, 0, 0, 0, 0, 0, 0, 0),
(70, 1, '0', 575, 160, 355, 80, 'null', 575, 160, 0, 0, 0, 0, 0, 0),
(70, 2, '0', 575, 240, 60, 60, 'null', 575, 240, 0, 0, 0, 0, 0, 0),
(70, 4, '0', 875, 240, 55, 60, 'null', 875, 240, 0, 0, 0, 0, 0, 0),
(70, 5, '0', 715, 240, 85, 150, 'null', 715, 240, 0, 0, 0, 0, 0, 0),
(70, 7, '0', 575, 300, 140, 90, 'null', 575, 300, 0, 0, 0, 0, 0, 0),
(70, 8, '0', 515, 300, 130, 90, 'null', 800, 300, 0, 0, 0, 0, 0, 0),
(70, 10, '0', 390, 430, 160, 60, 'null', 675, 430, 0, 0, 0, 0, 0, 0),
(70, 11, '0', 550, 390, 80, 60, 'null', 835, 390, 0, 0, 0, 0, 0, 0),
(70, 12, '0', 305, 390, 85, 60, 'null', 590, 390, 0, 0, 0, 0, 0, 0),
(70, 13, '0', 420, 490, 100, 40, 'null', 705, 490, 0, 0, 0, 0, 0, 0),
(70, 14, 'FPortaR_0', 390, 390, 160, 40, 'null', 675, 390, 0, 0, 0, 0, 0, 2),
(70, 18, 'FPortaB_0', 245, 70, 340, 90, 'null', 530, 70, 0, 0, 0, 0, 0, 1),
(70, 19, 'FPortaB_0', 190, 160, 100, 300, 'null', 475, 160, 0, 0, 0, 0, 0, 1),
(70, 20, 'FPortaB_0', 585, 90, 110, 70, 'null', 870, 90, 0, 0, 0, 0, 0, 2),
(70, 22, 'FPortaB_0', 645, 160, 80, 300, 'd', 930, 160, 0, 0, 0, 0, 0, 2),
(70, 23, 'FPortaB_0', 570, 30, 255, 40, 'null', 570, 30, 0, 0, 0, 0, 0, 1),
(70, 25, '0', 205, 520, 40, 80, 'null', 205, 520, 0, 0, 0, 0, 0, 0),
(70, 26, '0', 715, 300, 40, 40, 'null', 715, 300, 0, 0, 0, 0, 0, 0),
(70, 27, 'FSX_0', 470, 530, 40, 70, 'd', 365, 530, 800, 0, 120, 0, 1, 0),
(72, 0, 'sfondo', 660, 0, 5000, 600, 'null', 0, 0, 0, 0, 0, 0, 0, 0),
(72, 1, '0', 1610, 280, 180, 320, 'null', 950, 280, 0, 0, 0, 0, 0, 0),
(72, 2, '0', 1495, 340, 110, 260, 'null', 835, 340, 0, 0, 0, 0, 0, 0),
(72, 3, 'PORT', 1080, 470, 20, 110, 'null', 420, 470, 600, -350, 0, 0, 0, 0),
(72, 4, 'FM', 1250, 560, 1170, 40, 'null', 1130, 560, 0, 0, 0, 0, 0, 0),
(72, 5, '0', 1470, 470, 375, 30, 'null', 1505, 470, 0, 0, 0, 0, 0, 0),
(72, 6, 'FSX_0', 1420, 460, 40, 40, 'd', 1405, 460, 300, 0, 250, 0, 1, 0),
(73, 0, 'sfondo', 1380, 0, 10000, 600, 'null', 390, 0, 0, 0, 0, 0, 0, 0),
(73, 1, '0', 1635, 560, 425, 40, 'null', 645, 560, 0, 0, 0, 0, 0, 0),
(73, 2, 'PORT', 1835, 390, 25, 160, 'null', 845, 390, 350, -200, 0, 0, 0, 0),
(73, 3, 'FSX_0', 2095, 300, 40, 40, 'a', 2260, 300, 300, 0, 10, 0, 1, 0),
(73, 4, 'FPorta', 2095, 300, 40, 0, 'a', 2465, 300, 0, 0, 0, 0, 0, 1),
(73, 5, 'FSY_0', 2095, 300, 40, 40, 'd', 2530, 50, 0, 300, 0, 50, 0, 1),
(73, 6, 'FSX_0', 2095, 300, 120, 130, 'd', 2370, 300, 300, 0, 55, 0, 1, 0),
(74, 0, 'sfondo', 2100, 0, 5000, 600, 'null', 0, 0, 0, 0, 0, 0, 0, 0),
(74, 1, '0', 2500, 490, 340, 110, 'null', 400, 490, 0, 0, 0, 0, 0, 0),
(74, 2, 'FSX_0', 3025, 490, 110, 40, 'd', 980, 490, 400, 0, 235, 0, 1, 0),
(74, 3, 'FM', 2840, 560, 920, 40, 'null', 740, 560, 0, 0, 0, 0, 0, 0),
(74, 4, 'PORT', 3000, 350, 10, 180, 'null', 1345, 350, 350, -400, 0, 0, 0, 0),
(74, 5, '0', 3315, 190, 175, 430, 'null', 1660, 190, 0, 0, 0, 0, 0, 0),
(74, 6, '0', 2750, 210, 45, 80, 'null', 1835, 210, 0, 0, 0, 0, 0, 0),
(74, 7, '0', 2795, 230, 40, 60, 'null', 1880, 230, 0, 0, 0, 0, 0, 0),
(74, 8, 'FM', 2835, 250, 535, 40, 'null', 1920, 250, 0, 0, 0, 0, 0, 0),
(74, 9, '0', 2355, 290, 620, 10, 'null', 1835, 290, 0, 0, 0, 0, 0, 0),
(74, 12, 'FPorta', 2440, 230, 535, 20, 'd', 1920, 230, 0, 0, 0, 0, 0, 2),
(74, 13, '0', 2740, 210, 40, 20, 'null', 2220, 210, 0, 0, 0, 0, 0, 0),
(75, 0, 'sfondo', 780, 0, 5000, 600, 'null', 0, 0, 0, 0, 0, 0, 0, 0);

-- --------------------------------------------------------

--
-- Struttura della tabella `proprietario_livello`
--

CREATE TABLE `proprietario_livello` (
  `user` varchar(100) NOT NULL,
  `id` int NOT NULL
) ENGINE=InnoDB DEFAULT CHARSET=latin1;

--
-- Dump dei dati per la tabella `proprietario_livello`
--

INSERT INTO `proprietario_livello` (`user`, `id`) VALUES
('alessiotor', 60),
('amministratore', 0),
('brami', 7),
('brami', 8),
('brami', 12),
('brami', 14),
('Cane', 61),
('Coroline', 70),
('DanielSan', 69),
('eleCica007', 46),
('erSorcio', 5),
('erSorcio', 6),
('erSorcio', 42),
('Giuseppe', 52),
('macci', 75),
('yolly98', 4),
('yolly98', 9),
('yolly98', 10),
('yolly98', 11),
('yolly98', 15),
('yolly98', 16),
('yolly98', 21),
('yolly98', 22),
('yolly98', 23),
('yolly98', 24),
('yolly98', 25),
('yolly98', 26),
('yolly98', 27),
('yolly98', 28),
('yolly98', 29),
('yolly98', 30),
('yolly98', 31),
('yolly98', 37),
('yolly98', 39),
('yolly98', 40),
('yolly98', 41),
('yolly98', 43),
('yolly98', 44),
('yolly98', 45),
('yolly98', 48),
('yolly98', 51),
('yolly98', 53),
('yolly98', 54),
('yolly98', 55),
('yolly98', 62),
('yolly98', 66),
('yolly98', 72),
('yolly98', 73),
('yolly98', 74);

-- --------------------------------------------------------

--
-- Struttura della tabella `punteggio_livello`
--

CREATE TABLE `punteggio_livello` (
  `user` varchar(100) NOT NULL,
  `id` int NOT NULL,
  `metri` int DEFAULT '0',
  `vitePerse` int DEFAULT '0',
  `tempo` int DEFAULT '0',
  `nemiciUccisi` int DEFAULT '0',
  `danniSubiti` int DEFAULT '0',
  `colpiEsplosi` int DEFAULT '0',
  `colpiSegno` int DEFAULT '0',
  `precisione` varchar(100) DEFAULT NULL,
  `punteggioTotale` int DEFAULT '0',
  `voto` varchar(100) DEFAULT NULL,
  `ultimaPartita` timestamp NOT NULL DEFAULT CURRENT_TIMESTAMP
) ENGINE=InnoDB DEFAULT CHARSET=latin1;

--
-- Dump dei dati per la tabella `punteggio_livello`
--

INSERT INTO `punteggio_livello` (`user`, `id`, `metri`, `vitePerse`, `tempo`, `nemiciUccisi`, `danniSubiti`, `colpiEsplosi`, `colpiSegno`, `precisione`, `punteggioTotale`, `voto`, `ultimaPartita`) VALUES
('A', 0, 3878, 2, 261, 93, 840, 466, 338, '72%', 8860, NULL, '2022-03-10 15:06:42'),
('aaaa', 0, 868, 1, 48, 15, 190, 89, 0, '0%', 1414, NULL, '2019-06-09 15:30:37'),
('alessiotor', 0, 383, 1, 21, 5, 150, 23, 20, '86%', 406, NULL, '2019-06-11 19:59:45'),
('amministratore', 0, 3980, 9, 307, 130, 3000, 513, 417, '81%', 42586, 'like', '2019-06-06 10:33:36'),
('arberon', 0, 386, 1, 39, 5, 150, 35, 20, '57%', 397, NULL, '2019-06-21 10:38:01'),
('asd', 0, 390, 1, 25, 5, 150, 26, 20, '76%', 404, NULL, '2019-06-11 20:24:08'),
('azzaz', 0, 483, 1, 32, 5, 200, 27, 20, '74%', 363, NULL, '2019-11-25 16:10:34'),
('Cane', 0, 1822, 1, 103, 46, 400, 192, 130, '67%', 4399, NULL, '2019-07-19 19:44:49'),
('Ciccio', 0, 871, 1, 44, 15, 110, 93, 0, '0%', 1496, 'like', '2019-06-06 12:37:26'),
('CiccioPino', 0, 1805, 1, 337, 48, 688, 169, 0, '0%', 4297, NULL, '2019-06-06 12:47:33'),
('Coroline', 0, 2078, 1, 116, 48, 400, 171, 132, '77%', 4624, NULL, '2019-07-26 22:11:04'),
('dan', 0, 837, 1, 71, 11, 170, 65, 45, '69%', 1024, NULL, '2019-08-08 15:36:16'),
('DanielSan', 0, 853, 1, 76, 11, 100, 62, 44, '70%', 1096, NULL, '2019-07-26 21:38:59'),
('Dave', 0, 380, 1, 49, 5, 150, 22, 20, '90%', 395, NULL, '2019-07-21 23:03:49'),
('eleCica007', 0, 1615, 3, 162, 46, 298, 190, 158, '83%', 4466, NULL, '2019-05-23 18:15:40'),
('eleonora00', 0, 852, 1, 132, 11, 150, 56, 44, '78%', 1041, NULL, '2019-06-13 19:25:20'),
('emiliano', 0, 1786, 2, 280, 37, 580, 153, 0, '0%', 3303, NULL, '2019-06-10 09:54:18'),
('erSorcio', 0, 385, 1, 63, 5, 100, 20, 17, '85%', 444, NULL, '2019-07-11 17:54:39'),
('Giammamare', 0, 392, 1, 39, 5, 100, 22, 20, '90%', 449, 'like', '2020-02-12 22:16:37'),
('Gianlucascalzo', 0, 867, 1, 56, 15, 150, 90, 0, '0%', 1451, NULL, '2019-06-21 10:37:58'),
('giuliaf', 0, 129, 1, 19, 1, 100, 6, 4, '66%', 18, NULL, '2019-07-26 21:23:59'),
('Giuseppe', 0, 877, 1, 90, 11, 120, 58, 44, '75%', 1074, 'like', '2019-05-24 09:57:48'),
('IlFallitoNumero1', 0, 380, 1, 22, 5, 100, 21, 20, '95%', 455, NULL, '2023-03-27 18:04:49'),
('Lelozzo07', 0, 874, 1, 85, 14, 100, 77, 55, '71%', 1397, 'like', '2021-08-07 11:51:17'),
('Lorenzo', 0, 864, 1, 42, 11, 170, 51, 0, '0%', 1036, NULL, '2019-06-13 16:01:16'),
('Luigi', 0, 103, 1, 52, 3, 100, 13, 0, '0%', 211, NULL, '2019-06-06 18:37:28'),
('macci', 0, 3784, 2, 259, 153, 720, 678, 515, '75%', 14971, NULL, '2022-08-07 17:49:30'),
('Natetheninja', 0, 1129, 1, 102, 16, 290, 85, 76, '89%', 1433, NULL, '2022-09-30 20:36:58'),
('salvoZorro', 0, 130, 0, 5, 3, 0, 14, 0, '0%', 339, NULL, '2019-06-11 13:41:39'),
('sandra', 0, 227, 0, 9, 5, 0, 23, 20, '86%', 547, NULL, '2019-06-11 13:56:17'),
('Simonemi', 0, 858, 1, 41, 11, 180, 50, 44, '88%', 1025, NULL, '2019-08-13 19:58:12'),
('wewe', 0, 405, 1, 17, 5, 150, 25, 20, '80%', 413, NULL, '2019-10-20 17:28:40'),
('yolly98', 0, 3342, 6, 278, 106, 1200, 206, 189, '91%', 39723, 'like', '2024-01-16 17:15:46'),
('aaaa', 1, 1, 1, 1, 0, 100, 0, 0, '0', -102, NULL, '2019-06-09 15:29:57'),
('brami', 1, 6, 0, 0, 0, 0, 0, 0, '0', 0, 'like', '2019-05-15 21:55:11'),
('Ciccio', 1, 1, 1, 0, 0, 100, 0, 0, '0', -103, NULL, '2019-06-06 11:54:01'),
('eleonora00', 1, 1, 1, 0, 0, 100, 0, 0, '0', -103, NULL, '2019-06-13 19:27:58'),
('erSorcio', 1, 130, 0, 3, 0, 0, 8, 8, '100%', 44, NULL, '2019-05-15 21:56:57'),
('Fabio', 1, 1, 1, 0, 0, 100, 0, 0, '0', -103, NULL, '2019-07-19 19:46:19'),
('Giuseppe', 1, 6, 0, 0, 0, 0, 0, 0, '0', 0, 'like', '2019-05-24 10:05:14'),
('yolly98', 1, 6, 0, 9, 5, 0, 25, 18, '72%', 500, 'like', '2019-07-19 10:14:02'),
('brami', 2, 234, 0, 4, 0, 0, 0, 0, '0', 81, NULL, '2019-05-15 21:55:11'),
('erSorcio', 2, 128, 0, 2, 0, 0, 7, 7, '100%', 65, NULL, '2019-05-15 21:55:11'),
('yolly98', 2, 63, 0, 7, 1, 0, 6, 4, '66%', 115, 'dislike', '2019-05-15 21:55:11'),
('brami', 3, 177, 0, 8, 3, 30, 84, 34, '40%', 292, 'like', '2019-05-15 21:55:11'),
('erSorcio', 3, 87, 0, 7, 3, 150, 39, 39, '100%', 163, NULL, '2019-05-15 21:55:11'),
('yolly98', 3, 247, 0, 7, 3, 60, 35, 35, '100%', 276, 'like', '2019-05-15 21:55:11'),
('amministratore', 4, 207, 0, 5, 0, 0, 0, 0, '0', 61, NULL, '2019-05-24 11:54:46'),
('brami', 4, 574, 0, 12, 0, 0, 12, 0, '0%', 621, 'dislike', '2019-05-15 21:55:11'),
('erSorcio', 4, 553, 0, 12, 0, 0, 8, 8, '100%', 47, NULL, '2019-05-15 21:55:11'),
('yolly98', 4, 240, 0, 4, 0, 0, 0, 0, '0', 84, NULL, '2019-05-26 15:08:44'),
('brami', 5, 99, 1, 5, 2, 160, 5, 2, '40%', 49, NULL, '2019-05-15 21:55:11'),
('erSorcio', 5, 62, 1, 3, 1, 100, 3, 1, '33%', 10, NULL, '2019-05-15 21:55:11'),
('yolly98', 5, 34, 1, 5, 0, 100, 0, 0, '0', 0, 'dislike', '2019-05-15 21:55:11'),
('erSorcio', 6, 147, 0, 6, 1, 10, 10, 9, '90%', 114, NULL, '2019-05-15 21:55:11'),
('yolly98', 6, 170, 0, 4, 1, 0, 8, 8, '100%', 143, NULL, '2019-05-15 21:55:11'),
('alessiotor', 7, 204, 1, 11, 1, 200, 28, 0, '0%', -65, NULL, '2019-06-07 15:45:02'),
('brami', 7, 215, 1, 7, 1, 985, 22, 14, '63%', 29608, 'like', '2019-05-15 21:55:11'),
('eleonora00', 7, 197, 1, 73, 1, 200, 98, 14, '14%', -82, NULL, '2019-06-13 19:32:20'),
('emiliano', 7, 196, 1, 13, 1, 200, 38, 0, '0%', -69, NULL, '2019-06-06 18:21:25'),
('Fabio', 7, 206, 1, 35, 1, 200, 28, 14, '49%', -78, NULL, '2019-07-19 19:47:57'),
('HarryPotter', 7, 209, 1, 14, 1, 200, 25, 14, '56%', -69, NULL, '2019-07-25 20:11:30'),
('yolly98', 7, 212, 1, 12, 1, 1870, 15, 14, '93%', 29595, 'dislike', '2019-07-09 20:14:22'),
('brami', 8, 135, 0, 4, 1, 0, 7, 4, '57%', 146, 'like', '2019-05-15 21:55:11'),
('brami', 9, 27, 0, 1, 0, 0, 0, 0, '0', 29, NULL, '2019-05-15 21:55:11'),
('CiccioPino', 9, 49, 1, 2, 0, 300, 0, 0, '0', -275, NULL, '2019-06-06 12:56:01'),
('yolly98', 9, 62, 1, 1, 0, 456, 0, 0, '0', 29165, NULL, '2019-05-15 21:55:11'),
('brami', 10, 150, 0, 6, 0, 0, 0, 0, '0', 40, 'like', '2019-05-15 21:55:11'),
('eleCica007', 10, 640, 0, 26, 0, 0, 0, 0, '0', 88, NULL, '2019-05-23 18:21:43'),
('yolly98', 10, 619, 0, 19, 0, 0, 0, 0, '0', 93, NULL, '2019-05-15 21:55:11'),
('yolly98', 11, 129, 0, 4, 0, 0, 0, 0, '0', 44, 'like', '2019-05-15 21:55:11'),
('brami', 12, 170, 0, 4, 0, 0, 0, 0, '0', 59, NULL, '2019-05-15 21:55:11'),
('yolly98', 12, 6, 0, 1, 0, 0, 0, 0, '0', 6, NULL, '2019-05-15 21:56:26'),
('brami', 13, 6, 0, 2, 0, 0, 0, 0, '0', 3, NULL, '2019-05-15 21:55:11'),
('yolly98', 15, 30, 0, 6, 0, 0, 5, 0, '0%', 8, 'like', '2019-05-15 21:55:11'),
('yolly98', 17, 67, 0, 8, 0, 0, 5, 0, '0%', 14, NULL, '2019-05-15 21:55:11'),
('yolly98', 19, 88, 0, 3, 0, 30, 3, 2, '66%', 7, NULL, '2019-05-15 21:55:11'),
('yolly98', 21, 63, 0, 7, 1, 0, 13, 10, '76%', 115, NULL, '2019-05-15 21:55:11'),
('amministratore', 22, 173, 0, 10, 0, 0, 23, 0, '0%', 34, NULL, '2019-05-29 16:24:10'),
('eleCica007', 22, 6, 0, 2, 0, 0, 0, 0, '0', 3, NULL, '2019-05-23 18:20:19'),
('yolly98', 22, 340, 0, 8, 0, 0, 7, 0, '0%', 76, 'like', '2019-07-26 12:20:12'),
('yolly98', 23, 6, 0, 3, 1, 0, 7, 3, '42%', 102, NULL, '2019-05-15 21:55:11'),
('yolly98', 24, 6, 0, 2, 1, 0, 8, 1, '12%', 103, NULL, '2019-05-15 21:55:11'),
('yolly98', 25, 6, 0, 1, 0, 0, 0, 0, '0', 6, NULL, '2019-05-15 21:55:11'),
('Lelozzo07', 26, 1, 1, 3, 0, 400, 0, 0, '0', -403, NULL, '2019-08-07 16:11:54'),
('yolly98', 26, 6, 0, 3, 1, 0, 5, 1, '20%', 102, NULL, '2019-06-06 11:27:29'),
('erSorcio', 27, 6, 0, 1, 0, 0, 0, 0, '0', 6, NULL, '2019-05-15 21:57:07'),
('yolly98', 27, 6, 0, 5, 1, 0, 9, 4, '44%', 101, NULL, '2019-06-03 11:09:04'),
('amministratore', 28, 1, 0, 0, 0, 0, 0, 0, '0', 0, NULL, '2019-08-27 22:51:59'),
('CiccioPino', 28, 36, 0, 17, 0, 100, 7, 0, '0%', -95, NULL, '2019-06-06 12:55:25'),
('yolly98', 28, 6, 0, 0, 0, 0, 0, 0, '0', 0, NULL, '2019-07-19 09:55:26'),
('yolly98', 29, 6, 0, 3, 0, 0, 0, 0, '0', 2, 'dislike', '2019-05-15 21:55:11'),
('amministratore', 30, 475, 0, 29, 8, 0, 25, 8, '32%', 863, NULL, '2019-05-27 08:45:39'),
('yolly98', 30, 556, 0, 27, 8, 0, 21, 7, '33%', 875, NULL, '2019-05-27 19:06:34'),
('yolly98', 31, 424, 0, 41, 33, 250, 739, 482, '65%', 3102, NULL, '2019-05-15 21:55:11'),
('yolly98', 32, 72, 0, 77, 0, 0, 24, 0, '0%', 7, NULL, '2019-05-15 21:55:11'),
('amministratore', 37, 1, 0, 7, 0, 0, 0, 0, '0', 0, NULL, '2019-08-27 22:52:34'),
('yolly98', 37, 310, 0, 18, 0, 0, 0, 0, '0', 48, NULL, '2019-05-15 21:56:36'),
('yolly98', 38, 138, 0, 10, 0, 0, 0, 0, '0', 26, NULL, '2019-05-15 21:55:11'),
('yolly98', 39, 282, 0, 15, 0, 0, 7, 5, '71%', 46, 'like', '2019-05-15 21:55:11'),
('yolly98', 40, 129, 0, 23, 7, 0, 53, 49, '92%', 717, NULL, '2019-05-26 10:22:47'),
('yolly98', 41, 6, 0, 1, 0, 0, 0, 0, '0', 6, NULL, '2019-05-26 14:28:20'),
('Cane', 42, 1, 1, 1, 0, 100, 0, 0, '0', -102, NULL, '2019-06-16 13:35:57'),
('CiccioPino', 42, 1, 1, 1, 0, 100, 0, 0, '0', -102, NULL, '2019-06-06 12:53:06'),
('erSorcio', 42, 6, 1, 1, 0, 100, 0, 0, '0', -97, NULL, '2019-05-15 21:58:56'),
('Lelozzo07', 42, 1, 1, 1, 0, 100, 0, 0, '0', -102, NULL, '2019-08-12 13:35:23'),
('CiccioPino', 43, 147, 1, 17, 0, 400, 5, 0, '0%', -381, NULL, '2019-06-06 12:55:51'),
('eleCica007', 43, 46, 0, 16, 0, 0, 6, 0, '0%', 6, NULL, '2019-05-23 18:20:57'),
('yolly98', 43, 141, 0, 8, 1, 0, 1, 0, '0%', 131, NULL, '2019-05-18 17:17:25'),
('eleCica007', 45, 918, 0, 21, 0, 0, 0, 0, '0', 134, 'like', '2019-05-23 18:11:11'),
('yolly98', 45, 54, 0, 4, 0, 0, 0, 0, '0', 18, NULL, '2019-05-23 12:53:25'),
('eleCica007', 46, 59, 1, 15, 1, 400, 10, 7, '70%', 0, NULL, '2019-05-23 18:19:58'),
('yolly98', 46, 6, 0, 2, 0, 50, 0, 0, '0', 0, NULL, '2019-05-24 05:32:16'),
('yolly98', 47, 176, 0, 6, 0, 0, 0, 0, '0', 46, NULL, '2019-05-24 06:59:51'),
('yolly98', 48, 472, 0, 17, 0, 0, 0, 0, '0', 74, NULL, '2019-05-24 07:04:33'),
('yolly98', 49, 212, 1, 7, 0, -200, 6, 4, '66%', 249, NULL, '2019-05-24 07:14:05'),
('yolly98', 50, 107, 0, 6, 0, 0, 0, 0, '0', 27, NULL, '2019-05-24 09:33:26'),
('Lelozzo07', 51, 83, 1, 9, 1, 100, 8, 4, '50%', 14, NULL, '2019-08-18 10:27:20'),
('yolly98', 51, 70, 1, 19, 0, 50, 0, 0, '0', -43, NULL, '2019-06-06 11:28:55'),
('yolly98', 53, 239, 0, 12, 0, 0, 0, 0, '0', 42, NULL, '2019-05-26 14:24:09'),
('yolly98', 54, 1340, 0, 83, 1, 0, 2, 0, '0%', 250, NULL, '2019-07-19 10:16:03'),
('yolly98', 55, 68, 1, 2, 0, -200, 0, 0, '0', 237, NULL, '2019-05-27 06:42:00'),
('amministratore', 56, 46, 1, 4, 0, 100, 0, 0, '0', -88, NULL, '2019-05-27 12:11:42'),
('yolly98', 56, 57, 0, 14, 0, 0, 0, 0, '0', 9, NULL, '2019-05-27 20:55:05'),
('amministratore', 57, 162, 0, 13, 0, 0, 0, 0, '0', 28, NULL, '2019-05-27 13:25:14'),
('yolly98', 59, 1, 0, 1, 0, 0, 0, 0, '0', 1, NULL, '2019-06-06 11:49:11'),
('Cane', 61, 124, 0, 10, 0, 0, 4, 0, '0%', 24, 'like', '2019-07-19 19:42:14'),
('yolly98', 61, 124, 0, 18, 0, 0, 0, 0, '0', 18, NULL, '2019-07-09 20:26:06'),
('yolly98', 62, 116, 1, 5, 0, 100, 2, 0, '0%', -76, NULL, '2019-07-23 18:27:21'),
('yolly98', 65, 62, 0, 4, 0, 0, 0, 0, '0', 21, NULL, '2019-07-25 15:52:44'),
('yolly98', 66, 414, 0, 21, 0, 0, 34, 0, '0%', 60, NULL, '2019-07-25 17:06:05'),
('DanielSan', 69, 246, 0, 15, 0, 0, 0, 0, '0', 40, NULL, '2019-07-26 22:06:06'),
('Coroline', 70, 201, 0, 15, 0, 0, 0, 0, '0', 33, 'like', '2019-07-29 06:15:16'),
('Coroline', 71, 1, 0, 6, 0, 0, 0, 0, '0', 0, NULL, '2019-07-29 06:11:43'),
('yolly98', 72, 244, 1, 8, 0, 100, 0, 0, '0', -49, NULL, '2019-08-06 21:09:42'),
('yolly98', 73, 271, 1, 9, 0, 100, 0, 0, '0', -46, NULL, '2019-09-09 20:33:19'),
('yolly98', 74, 24, 0, 3, 0, 0, 0, 0, '0', 10, NULL, '2022-07-30 10:33:29'),
('macci', 75, 1, 1, 2, 0, 100, 0, 0, '0', -103, NULL, '2022-08-07 17:51:38');

-- --------------------------------------------------------

--
-- Struttura della tabella `UTENTE`
--

CREATE TABLE `UTENTE` (
  `user` varchar(100) NOT NULL,
  `nome` varchar(100) NOT NULL,
  `cognome` varchar(100) NOT NULL,
  `password` varchar(100) NOT NULL
) ENGINE=InnoDB DEFAULT CHARSET=latin1;

--
-- Dump dei dati per la tabella `UTENTE`
--

INSERT INTO `UTENTE` (`user`, `nome`, `cognome`, `password`) VALUES
('A', 'Fg', 'Uh', '0cc175b9c0f1b6a831c399e269772661'),
('aaaa', 'aaaa', 'aaaa', '74b87337454200d4d33f80c4663dc5e5'),
('alessiotor', 'alessio', 'torazzi', '1a360c93e3dd488d085000301b3e86d1'),
('amministratore', '', '', '81dc9bdb52d04dc20036dbd8313ed055'),
('arberon', 'arber', 'arbon', '256e7888688b2fe137da559753bfc2d6'),
('asd', 'asd', 'as', '7815696ecbf1c96e6894b779456d330e'),
('asdf', 'asdf', 'asdf', '912ec803b2ce49e4a541068d495ab570'),
('azzaz', 'asas', 'aracc', 'a09a457223d61f003d1c4ecde625f351'),
('Bane', '', '', '81dc9bdb52d04dc20036dbd8313ed055'),
('brami', 'silvio', 'berlusconi', '81dc9bdb52d04dc20036dbd8313ed055'),
('Cane', 'Cane', 'Cane', '43e277df3fdb75461844e25d2ac37f04'),
('cartello', '', '', '81dc9bdb52d04dc20036dbd8313ed055'),
('Ciccio', 'Ciccio', 'Ciccia', 'a382e131ed798891b816f8d1e3ce1908'),
('CiccioPino', 'Ciccio', 'Pino', 'c60ed4269de6c47080297b81eb683a05'),
('Coroline', '', '', '81dc9bdb52d04dc20036dbd8313ed055'),
('Cristian', '', '', '81dc9bdb52d04dc20036dbd8313ed055'),
('dan', 'dan', 'dan', '9180b4da3f0c7e80975fad685f7f134e'),
('DanielSan', 'Daniel', 'Ciula', '89c246298be2b6113fb10ba80f3c6956'),
('Dave', 'Davide', 'Urboni', 'eb86b0e99ece10a72d5f9b130d4898ef'),
('Direttocamino80', '', '', 'fb2a54d637484c4ca8adb2343237b89f'),
('Direttocamino89', 'Riccardo', 'Massimiani', 'd2556f1678336f4808328355526e0223'),
('eleCica007', '', '', 'dadb3c296944a41edfa019fdf0e28fe5'),
('eleonora00', 'eleonora', 'gemini', 'dadb3c296944a41edfa019fdf0e28fe5'),
('emiliano', 'emiliano', 'pedica', '61adb4c5cba7045cda55fe2d1ae4799f'),
('erSorcio', 'peppe', 'fetish', '81dc9bdb52d04dc20036dbd8313ed055'),
('Fabio', 'Fabio', 'Fabio', 'cfb4d5711d6bb261eb05108684d876aa'),
('Giammamare', 'Gian', 'Mariaji', '4f4f525fcfd047c4d97070d77afdcce1'),
('Gianlucascalzo', 'Gianluc', 'Mortaccitua', '58d6c070e041361865437ea9ffe2ef93'),
('gianni', '', '', '81dc9bdb52d04dc20036dbd8313ed055'),
('giuliaf', 'Giulia', 'Fratoni', '3016f23dc9c405d357b58f0d0632d3c1'),
('Giuseppe', '', '', '3ddb8fa146494db124256c9ce4c909c6'),
('HarryPotter', '', '', '81dc9bdb52d04dc20036dbd8313ed055'),
('IlFallitoNumero1', 'Matteo', 'Oeo', '150be5b860e60a7fc7c7d9b9815e93d1'),
('ilogof', '', '', '96e79218965eb72c92a549dd5a330112'),
('Intergrudge', 'Intergrudge', 'Intergrudge', '9f65adfbf4a16093f595e6add9a96d56'),
('Lelozzo07', 'Emanuele', 'Cozzolino', '7c436754259c881d69b62d815caf28b5'),
('logof', '', '', '96e79218965eb72c92a549dd5a330112'),
('lol', 'lol', 'lol', 'cb28e00ef51374b841fb5c189b2b91c9'),
('Lorenzo', 'Lorenzo', 'Nardocci', '49f054dab23fa127d32c321d574fa054'),
('Luigi', 'Luigi', 'Antonelli', '16ad5892d13a0b7c9220684e52a548b1'),
('luigyyy', '', '', '81dc9bdb52d04dc20036dbd8313ed055'),
('macci', '', '', '81dc9bdb52d04dc20036dbd8313ed055'),
('mimmo', '', '', '81dc9bdb52d04dc20036dbd8313ed055'),
('Natetheninja', 'Jim', 'Bob', '5fa6e2b76e05f97103b07ae5a81cddd9'),
('peppino', 'arcangelo', 'gabriPonte', '74b87337454200d4d33f80c4663dc5e5'),
('pitone21', 'severus', 'piton', '81dc9bdb52d04dc20036dbd8313ed055'),
('salvoZorro', '', '', '81dc9bdb52d04dc20036dbd8313ed055'),
('sandra', '', '', '81dc9bdb52d04dc20036dbd8313ed055'),
('sara', '', '', '81dc9bdb52d04dc20036dbd8313ed055'),
('Simonemi', 'Simone', 'Emiliani', 'e68a714edab73db78a6743169aaa2c59'),
('superMario', '', '', '81dc9bdb52d04dc20036dbd8313ed055'),
('sv001', '', '', 'bed128365216c019988915ed3add75fb'),
('test', 'test', 'test', '098f6bcd4621d373cade4e832627b4f6'),
('WaterSon', '', '', '11978659b0676239a80501a9ff174317'),
('We', 'Wr', 'Wr', 'ff1ccf57e98c817df1efcd9fe44a8aeb'),
('wewe', 'we', 'we', '2a7d544ccb742bd155e55c796de8e511'),
('yolly98', 'gigi', 'peppi', '81dc9bdb52d04dc20036dbd8313ed055');

--
-- Indici per le tabelle scaricate
--

--
-- Indici per le tabelle `livello`
--
ALTER TABLE `livello`
  ADD PRIMARY KEY (`id`);

--
-- Indici per le tabelle `oggetto_box`
--
ALTER TABLE `oggetto_box`
  ADD PRIMARY KEY (`id`,`indiceBox`);

--
-- Indici per le tabelle `oggetto_enemy`
--
ALTER TABLE `oggetto_enemy`
  ADD PRIMARY KEY (`id`,`indiceEnemy`);

--
-- Indici per le tabelle `oggetto_floor`
--
ALTER TABLE `oggetto_floor`
  ADD PRIMARY KEY (`id`,`indiceFloor`);

--
-- Indici per le tabelle `proprietario_livello`
--
ALTER TABLE `proprietario_livello`
  ADD PRIMARY KEY (`id`),
  ADD KEY `FK_ProprietarioLivello` (`user`);

--
-- Indici per le tabelle `punteggio_livello`
--
ALTER TABLE `punteggio_livello`
  ADD PRIMARY KEY (`id`,`user`),
  ADD KEY `FK_punteggioLivello` (`user`);

--
-- Indici per le tabelle `UTENTE`
--
ALTER TABLE `UTENTE`
  ADD PRIMARY KEY (`user`);

--
-- AUTO_INCREMENT per le tabelle scaricate
--

--
-- AUTO_INCREMENT per la tabella `livello`
--
ALTER TABLE `livello`
  MODIFY `id` int NOT NULL AUTO_INCREMENT, AUTO_INCREMENT=76;

--
-- Limiti per le tabelle scaricate
--

--
-- Limiti per la tabella `oggetto_box`
--
ALTER TABLE `oggetto_box`
  ADD CONSTRAINT `FK_oggettoBox` FOREIGN KEY (`id`) REFERENCES `livello` (`id`) ON DELETE CASCADE ON UPDATE CASCADE;

--
-- Limiti per la tabella `oggetto_enemy`
--
ALTER TABLE `oggetto_enemy`
  ADD CONSTRAINT `FK_oggettoEnemy` FOREIGN KEY (`id`) REFERENCES `livello` (`id`) ON DELETE CASCADE ON UPDATE CASCADE;

--
-- Limiti per la tabella `oggetto_floor`
--
ALTER TABLE `oggetto_floor`
  ADD CONSTRAINT `FK_oggettoFloor` FOREIGN KEY (`id`) REFERENCES `livello` (`id`) ON DELETE CASCADE ON UPDATE CASCADE;

--
-- Limiti per la tabella `proprietario_livello`
--
ALTER TABLE `proprietario_livello`
  ADD CONSTRAINT `FK_ProprietarioLivelloId` FOREIGN KEY (`id`) REFERENCES `livello` (`id`) ON DELETE CASCADE ON UPDATE CASCADE,
  ADD CONSTRAINT `FK_ProprietarioLivelloUser` FOREIGN KEY (`user`) REFERENCES `UTENTE` (`user`) ON DELETE CASCADE ON UPDATE CASCADE;

--
-- Limiti per la tabella `punteggio_livello`
--
ALTER TABLE `punteggio_livello`
  ADD CONSTRAINT `FK_punteggioLivello` FOREIGN KEY (`user`) REFERENCES `UTENTE` (`user`) ON DELETE CASCADE ON UPDATE CASCADE;
COMMIT;

/*!40101 SET CHARACTER_SET_CLIENT=@OLD_CHARACTER_SET_CLIENT */;
/*!40101 SET CHARACTER_SET_RESULTS=@OLD_CHARACTER_SET_RESULTS */;
/*!40101 SET COLLATION_CONNECTION=@OLD_COLLATION_CONNECTION */;
